"h3id","day","month","year","counta","max_length","mean_speed","median_level","bool_highway","bool_ramps","count_highway","count_streets","count_primary","count_secondary","count_primary_street","count_primary_ramps"
"898e62c0c0bffff","22","4","2019","440","997","1.7603914141414136","4","0","0","0","0","0","48","392","0"
"898e62c0813ffff","26","4","2019","132","1297","3.2638678451178444","3","0","0","0","0","0","0","132","0"
"898e62c0c2bffff","4","4","2019","610","3761","2.0345628415300556","3","1","0","138","74","0","0","398","0"
"898e62c0813ffff","8","4","2019","127","1080","2.2321303587051613","3","0","0","0","40","0","0","87","0"
"898e62d5d4bffff","1","4","2019","5","380","2.7716666666666665","2","0","0","0","0","0","0","5","0"
"898e62c227bffff","5","4","2019","10","261","2.1461111111111113","2","0","0","0","10","0","0","0","0"
"898e62c5443ffff","10","4","2019","3","261","2.1592592592592594","3","0","0","0","3","0","0","0","0"
"898e62c2c03ffff","27","4","2019","81","2166","3.580178326474623","2","0","0","0","70","0","0","11","0"
"898e62c0b37ffff","17","4","2019","99","982","3.2257856341189686","3","0","0","0","4","0","0","95","0"
"898e62c56c3ffff","10","4","2019","158","794","1.7605485232067501","3","0","0","0","132","0","0","26","0"
"898e62d5807ffff","24","4","2019","19","1195","2.3269005847953212","3","1","0","5","14","0","0","0","0"
"898e62c56c3ffff","12","4","2019","85","6031","2.2525490196078444","3","1","0","6","71","0","0","8","0"
"898e62d5b9bffff","12","4","2019","8","333","1.5173611111111112","4","0","0","0","0","0","0","8","0"
"898e62c044fffff","15","4","2019","6","949","6.2712962962962955","2","0","0","0","0","0","0","6","0"
"898e62c0bd3ffff","23","4","2019","84","1255","2.531283068783068","3","0","0","0","17","0","0","67","0"
"898e62c0497ffff","17","4","2019","193","5415","2.4238054116292465","3","1","0","124","28","0","0","41","0"
"898e62d593bffff","8","4","2019","102","739","3.842592592592592","2","0","0","0","33","0","0","69","0"
"898e62d528bffff","24","4","2019","277","1073","2.731417970316889","3","0","0","0","0","0","0","277","0"
"898e62c314fffff","19","4","2019","6","595","4.028703703703704","3","0","0","0","0","0","0","6","0"
"898e62c0c2bffff","2","4","2019","750","3761","2.0226925925925925","3","1","1","167","101","0","0","468","14"
"898e62c086bffff","4","4","2019","4","684","3.591666666666667","2","0","0","0","0","0","0","4","0"
"898e62c0c0bffff","3","4","2019","596","1225","1.8204464951528705","4","0","0","0","2","0","97","497","0"
"898e62c0c2bffff","25","4","2019","932","4986","2.5539490939437273","3","1","0","315","64","0","0","553","0"
"898e62c0c0bffff","1","4","2019","263","1218","2.000570342205323","3","0","1","0","0","0","56","193","14"
"898e62d5047ffff","13","4","2019","20","517","1.5713888888888887","3","0","0","0","10","0","0","10","0"
"898e62d593bffff","9","4","2019","73","739","3.18683409436834","2","0","0","0","37","0","0","36","0"
"898e62c044fffff","29","4","2019","22","1114","2.6734848484848484","3","0","0","0","10","0","0","12","0"
"898e62d5047ffff","1","4","2019","10","175","1.3127777777777778","3","0","0","0","10","0","0","0","0"
"898e62d5a8fffff","2","4","2019","9","268","1.9138888888888888","3","0","0","0","9","0","0","0","0"
"898e62d5227ffff","4","4","2019","8","360","1.9774305555555558","3","0","0","0","8","0","0","0","0"
"898e62c0647ffff","3","4","2019","33","631","2.790909090909091","3","0","0","0","9","0","0","24","0"
"898e62d5e6fffff","25","4","2019","3","201","1.5333333333333334","3","0","0","0","3","0","0","0","0"
"898e62c0c2bffff","13","4","2019","814","3183","1.6637523887523886","4","1","1","82","102","0","0","620","10"
"898e62c2c03ffff","12","4","2019","35","1732","3.7498412698412698","2","0","0","0","31","0","0","4","0"
"898e62d5807ffff","29","4","2019","19","1195","3.8599415204678365","3","1","0","19","0","0","0","0","0"
"898e62d5383ffff","14","4","2019","7","313","2.2448412698412694","3","0","0","0","0","0","0","7","0"
"898e62c0647ffff","22","4","2019","28","571","3.057242063492063","3","0","0","0","0","0","0","28","0"
"898e62c0c0bffff","15","4","2019","362","997","1.786095764272562","4","0","0","0","8","0","73","281","0"
"898e62c562bffff","2","4","2019","313","911","2.2487486687965945","3","0","0","0","26","0","0","287","0"
"898e62c0497ffff","4","4","2019","157","4836","3.191153573956122","3","1","0","61","8","0","0","88","0"
"898e62c0647ffff","12","4","2019","55","779","1.7741414141414138","4","0","0","0","8","0","0","47","0"
"898e62d5047ffff","27","4","2019","12","2046","3.4039351851851856","4","0","0","0","6","0","0","6","0"
"898e62d5b9bffff","23","4","2019","9","463","2.917283950617284","3","0","0","0","0","0","0","9","0"
"898e62d4a07ffff","23","4","2019","10","349","2.336666666666667","2","0","0","0","2","0","0","8","0"
"898e62c0647ffff","5","4","2019","118","779","1.514171374764595","4","0","0","0","0","0","0","118","0"
"898e62d528bffff","14","4","2019","186","1073","2.155839307048984","4","0","0","0","2","0","0","184","0"
"898e62d4a07ffff","2","4","2019","25","385","1.9547777777777775","2","0","0","0","9","0","0","16","0"
"898e62c2c03ffff","16","4","2019","108","1208","3.1425411522633735","2","0","0","0","106","0","0","2","0"
"898e62c0813ffff","24","4","2019","47","1297","3.9121749408983435","2","0","0","0","4","0","0","43","0"
"898e62c0ea7ffff","18","4","2019","53","777","2.1593815513626837","3","0","0","0","40","0","0","13","0"
"898e62c0847ffff","1","4","2019","167","859","1.405239520958085","3","0","0","0","167","0","0","0","0"
"898e62c0ea7ffff","1","4","2019","11","777","2.4396464646464646","3","0","0","0","4","0","0","7","0"
"898e62c086bffff","20","4","2019","23","248","1.3548309178743962","3","0","0","0","23","0","0","0","0"
"898e62c56c3ffff","15","4","2019","121","463","1.8765151515151515","3","0","0","0","81","0","0","40","0"
"898e62c562bffff","27","4","2019","124","911","1.9979390681003584","3","0","0","0","2","0","0","122","0"
"898e62d593bffff","14","4","2019","23","739","5.05036231884058","2","0","0","0","0","0","0","23","0"
"898e62d5227ffff","16","4","2019","15","392","2.1416666666666666","3","0","0","0","15","0","0","0","0"
"898e62d528bffff","17","4","2019","231","1784","2.0993386243386243","3","0","0","0","0","0","0","231","0"
"898e62c0647ffff","19","4","2019","20","322","1.7431944444444443","4","0","0","0","20","0","0","0","0"
"898e62d5d0fffff","17","4","2019","20","912","1.2580555555555555","3","0","0","0","0","0","0","20","0"
"898e62c2c03ffff","5","4","2019","30","1357","3.537407407407408","3","0","0","0","28","0","0","2","0"
"898e62d5e6fffff","6","4","2019","8","206","1.2972222222222223","3","0","0","0","8","0","0","0","0"
"898e62c0c2bffff","27","4","2019","704","5203","1.7903803661616167","4","1","0","87","105","0","0","512","0"
"898e62d593bffff","28","4","2019","52","777","4.642841880341878","2","0","0","0","5","0","0","47","0"
"898e62c0bd3ffff","16","4","2019","88","1255","2.5135101010101013","3","0","0","0","18","0","0","70","0"
"898e62c0c2bffff","18","4","2019","377","492","1.429104037724726","4","0","0","0","19","0","0","358","0"
"898e62d4a07ffff","1","4","2019","11","639","1.9643939393939391","3","0","0","0","0","0","0","11","0"
"898e62c0847ffff","19","4","2019","6","763","2.9425925925925926","3","0","0","0","0","0","0","6","0"
"898e62c314fffff","5","4","2019","3","409","3.0148148148148146","3","0","0","0","0","0","0","3","0"
"898e62c044fffff","22","4","2019","23","565","3.2722222222222213","3","0","0","0","23","0","0","0","0"
"898e62d5b9bffff","20","4","2019","18","481","2.3412037037037035","3","0","0","0","11","0","0","7","0"
"898e62c0497ffff","3","4","2019","330","5415","2.128484848484847","3","1","0","168","81","0","0","81","0"
"898e62d528bffff","12","4","2019","253","967","2.4743083003952577","3","0","0","0","0","0","0","253","0"
"898e62c0eafffff","7","4","2019","3","250","1.8546296296296294","2","0","0","0","0","0","0","3","0"
"898e62d5b9bffff","17","4","2019","5","478","3.4861111111111107","2","0","0","0","0","0","0","5","0"
"898e62d593bffff","26","4","2019","82","739","4.064769647696472","2","0","0","0","27","0","0","55","0"
"898e62c0647ffff","17","4","2019","162","936","1.7716049382716053","4","0","0","0","6","0","0","156","0"
"898e62d5a27ffff","10","4","2019","41","754","4.247560975609755","2","0","0","0","0","0","0","41","0"
"898e62d0eabffff","13","4","2019","15","258","1.4572222222222224","4","0","0","0","0","0","0","15","0"
"898e62d5a8fffff","21","4","2019","5","279","1.0855555555555554","4","0","0","0","5","0","0","0","0"
"898e62c0ea7ffff","17","4","2019","11","847","2.133080808080808","3","0","0","0","8","0","0","3","0"
"898e62c0497ffff","15","4","2019","235","1796","2.3394680851063834","3","1","1","76","96","0","0","61","2"
"898e62d5a27ffff","7","4","2019","9","754","3.889814814814814","2","0","0","0","0","0","0","9","0"
"898e62c0847ffff","24","4","2019","2","233","1.2638888888888888","3","0","0","0","2","0","0","0","0"
"898e62d5d4bffff","7","4","2019","1","380","3.1638888888888888","2","0","0","0","0","0","0","1","0"
"898e62c0647ffff","11","4","2019","167","571","1.585545575515635","4","0","0","0","21","0","0","146","0"
"898e62d593bffff","13","4","2019","83","739","3.61218206157965","2","0","0","0","28","0","0","55","0"
"898e62c0b37ffff","10","4","2019","206","1099","2.402440668824164","3","0","0","0","2","0","0","204","0"
"898e62c086bffff","24","4","2019","6","460","3.0222222222222226","2","0","0","0","2","0","0","4","0"
"898e62c227bffff","1","4","2019","8","181","0.6569444444444444","4","0","0","0","8","0","0","0","0"
"898e62d593bffff","15","4","2019","87","752","2.6594827586206895","3","0","0","0","60","0","0","27","0"
"898e62c0c2bffff","22","4","2019","886","4986","1.8376598946576366","4","1","0","130","120","0","0","636","0"
"898e62c0eafffff","26","4","2019","314","559","1.4867657466383581","3","0","0","0","0","0","0","314","0"
"898e62c227bffff","26","4","2019","1","404","2.0861111111111112","3","0","0","0","1","0","0","0","0"
"898e62c0c0bffff","4","4","2019","509","1225","1.9676708142327008","3","0","0","0","0","0","139","370","0"
"898e62c0b37ffff","12","4","2019","269","1061","2.323347790169352","3","0","0","0","70","0","0","199","0"
"898e62c2c03ffff","8","4","2019","83","1024","3.082730923694779","3","0","0","0","80","0","0","3","0"
"898e62c0bd3ffff","10","4","2019","61","916","2.344216757741348","3","0","0","0","11","0","0","50","0"
"898e62c0bd3ffff","24","4","2019","74","1131","2.521471471471471","3","0","0","0","18","0","0","56","0"
"898e62d5227ffff","23","4","2019","9","703","3.3425925925925926","3","0","0","0","9","0","0","0","0"
"898e62d0eabffff","9","4","2019","2","258","2.1055555555555556","3","0","0","0","0","0","0","2","0"
"898e62c0c2bffff","30","4","2019","692","5371","2.181767822736033","4","1","0","117","47","0","0","528","0"
"898e62c0647ffff","18","4","2019","8","305","1.8145833333333332","3","0","0","0","8","0","0","0","0"
"898e62d5807ffff","10","4","2019","70","1195","1.7648412698412697","3","1","0","2","58","0","0","10","0"
"898e62d5a27ffff","24","4","2019","11","1287","3.7936868686868688","2","0","0","0","0","0","0","11","0"
"898e62d5db3ffff","29","4","2019","4","219","1.4583333333333333","3","0","0","0","0","0","0","4","0"
"898e62d5b9bffff","27","4","2019","3","251","1.8009259259259258","3","0","0","0","0","0","0","3","0"
"898e62c0ea7ffff","20","4","2019","15","272","1.5598148148148145","3","0","0","0","15","0","0","0","0"
"898e62d593bffff","6","4","2019","113","792","2.31610127826942","3","0","0","0","80","0","0","33","0"
"898e62c0647ffff","6","4","2019","34","456","1.7743464052287583","3","0","0","0","34","0","0","0","0"
"898e62c0c2bffff","19","4","2019","281","599","1.7327599841834718","4","0","0","0","0","0","0","281","0"
"898e62c227bffff","2","4","2019","18","312","1.770216049382716","2","0","0","0","18","0","0","0","0"
"898e62c0b37ffff","11","4","2019","213","1099","2.3016431924882625","3","0","0","0","0","0","0","213","0"
"898e62d593bffff","20","4","2019","37","1227","4.410960960960961","2","0","0","0","1","0","0","36","0"
"898e62c0b37ffff","9","4","2019","305","982","2.3503005464480866","3","0","0","0","14","0","0","291","0"
"898e62c044fffff","7","4","2019","34","593","1.8801470588235294","4","0","0","0","34","0","0","0","0"
"898e62c0bd3ffff","1","4","2019","56","1255","2.6438988095238107","3","0","0","0","10","0","0","46","0"
"898e62c0ea7ffff","12","4","2019","40","777","1.4634722222222225","4","0","0","0","3","0","0","37","0"
"898e62d5047ffff","23","4","2019","22","347","2.4064393939393947","3","0","0","0","0","0","0","22","0"
"898e62c0c2bffff","5","4","2019","752","5757","2.7912234042553163","3","1","0","257","41","0","0","454","0"
"898e62d53cbffff","6","4","2019","9","394","1.6555555555555557","4","0","0","0","0","0","0","9","0"
"898e62c0c2bffff","14","4","2019","515","951","2.258241639697947","4","1","0","119","21","0","0","375","0"
"898e62d5a27ffff","9","4","2019","78","1274","2.4053774928774927","3","0","0","0","0","0","0","78","0"
"898e62c0e0bffff","16","4","2019","86","210","1.5550387596899227","3","0","0","0","0","0","0","86","0"
"898e62c0c2bffff","16","4","2019","872","3220","2.1050649847094776","4","1","1","192","133","0","0","546","1"
"898e62c0813ffff","9","4","2019","87","1297","3.124425287356321","3","0","0","0","3","0","0","84","0"
"898e62c56c3ffff","19","4","2019","44","703","2.066224747474748","3","0","0","0","26","0","0","18","0"
"898e62c0813ffff","21","4","2019","9","407","1.3629629629629632","3","0","0","0","0","0","0","9","0"
"898e62c0ea7ffff","16","4","2019","6","777","2.9388888888888887","2","0","0","0","2","0","0","4","0"
"898e62c0813ffff","3","4","2019","231","1297","2.9442039442039465","3","0","0","0","0","0","0","231","0"
"898e62d5d2fffff","8","4","2019","7","724","1.2297619047619046","3","0","0","0","2","0","0","5","0"
"898e62d53cbffff","10","4","2019","30","629","3.1642592592592598","2","0","0","0","0","0","0","30","0"
"898e62d53cbffff","12","4","2019","5","829","4.444444444444445","2","0","0","0","0","0","0","5","0"
"898e62c5443ffff","19","4","2019","1","316","2.6222222222222222","3","0","0","0","0","0","0","1","0"
"898e62d593bffff","2","4","2019","48","739","4.492650462962962","2","0","0","0","13","0","0","35","0"
"898e62c0bd3ffff","4","4","2019","46","1007","2.430495169082125","3","0","0","0","13","0","0","33","0"
"898e62c0b37ffff","7","4","2019","29","914","2.985249042145594","3","0","0","0","8","0","0","21","0"
"898e62d5a27ffff","3","4","2019","30","883","4.099074074074074","2","0","0","0","0","0","0","30","0"
"898e62c0c2bffff","21","4","2019","508","479","1.397730752405951","4","0","0","0","21","0","0","487","0"
"898e62c086bffff","2","4","2019","5","656","3.812222222222222","2","0","0","0","0","0","0","5","0"
"898e62d528bffff","4","4","2019","218","1605","2.2876401630988794","3","0","0","0","0","0","0","218","0"
"898e62c0813ffff","18","4","2019","5","251","1.6300000000000001","3","0","0","0","5","0","0","0","0"
"898e62d5b9bffff","28","4","2019","11","481","2.226767676767677","3","0","0","0","0","0","0","11","0"
"898e62d4a07ffff","11","4","2019","3","1052","2.8777777777777778","2","0","0","0","0","0","0","3","0"
"898e62d5a27ffff","4","4","2019","186","1274","2.220026881720431","3","0","0","0","0","0","0","186","0"
"898e62d5b9bffff","19","4","2019","17","368","2.134803921568628","3","0","0","0","0","0","0","17","0"
"898e62d528bffff","27","4","2019","280","1216","2.1181150793650803","3","0","0","0","0","0","0","280","0"
"898e62c562bffff","18","4","2019","14","325","2.020238095238095","3","0","0","0","0","0","0","14","0"
"898e62c0e0bffff","17","4","2019","125","295","1.4571111111111106","3","0","0","0","0","0","0","125","0"
"898e62d5d2fffff","24","4","2019","8","606","2.4180555555555556","3","0","0","0","0","0","0","8","0"
"898e62c0497ffff","12","4","2019","284","5415","2.5422241784037554","4","1","0","192","6","0","0","86","0"
"898e62c314fffff","13","4","2019","17","254","1.5446078431372547","4","0","0","0","17","0","0","0","0"
"898e62d5d2fffff","22","4","2019","4","181","1.4111111111111112","3","0","0","0","0","0","0","4","0"
"898e62c314fffff","1","4","2019","2","229","1.2833333333333334","4","0","0","0","0","0","0","2","0"
"898e62d5a27ffff","2","4","2019","27","754","4.191872427983539","2","0","0","0","0","0","0","27","0"
"898e62c0c17ffff","7","4","2019","96","728","1.8308738425925923","3","0","0","0","75","0","0","21","0"
"898e62d5b9bffff","7","4","2019","11","491","2.8926767676767677","3","0","0","0","0","0","0","11","0"
"898e62c314fffff","18","4","2019","5","167","1.3788888888888888","4","0","0","0","5","0","0","0","0"
"898e62c314fffff","3","4","2019","17","833","2.5424836601307192","4","0","0","0","10","0","0","7","0"
"898e62c0497ffff","18","4","2019","31","567","2.4818100358422943","3","0","0","0","0","0","0","31","0"
"898e62d5d0fffff","1","4","2019","10","912","2.2263888888888888","1","0","0","0","0","0","0","10","0"
"898e62c0c17ffff","19","4","2019","84","682","1.5390873015873017","3","0","0","0","62","0","0","22","0"
"898e62c0c2bffff","24","4","2019","753","4986","2.0390253799616325","4","1","0","160","87","0","0","506","0"
"898e62c044fffff","23","4","2019","20","1044","3.9784722222222215","3","0","0","0","20","0","0","0","0"
"898e62c562bffff","20","4","2019","25","472","1.8823333333333332","3","0","0","0","11","0","0","14","0"
"898e62c0eafffff","28","4","2019","2","250","2.066666666666667","2","0","0","0","2","0","0","0","0"
"898e62c0b37ffff","4","4","2019","105","948","2.823650793650795","3","0","0","0","1","0","0","104","0"
"898e62d5a8fffff","4","4","2019","2","592","3.3222222222222224","2","0","0","0","2","0","0","0","0"
"898e62c0ea7ffff","4","4","2019","19","777","2.335526315789474","3","0","0","0","13","0","0","6","0"
"898e62c0c0bffff","12","4","2019","438","1225","2.2140410958904138","3","0","0","0","2","0","102","334","0"
"898e62d5047ffff","22","4","2019","2","2046","6.4","1","0","0","0","0","0","0","2","0"
"898e62c086bffff","25","4","2019","22","1020","2.7969696969696973","3","0","0","0","0","0","0","22","0"
"898e62c0c0bffff","24","4","2019","519","1225","1.9383483194176843","4","0","0","0","5","0","88","426","0"
"898e62d5a27ffff","23","4","2019","24","1274","3.658333333333333","3","0","0","0","0","0","0","24","0"
"898e62d5a27ffff","1","4","2019","42","1274","4.0318783068783075","2","0","0","0","0","0","0","42","0"
"898e62c0497ffff","19","4","2019","34","282","1.3211601307189542","4","0","0","0","0","0","0","34","0"
"898e62c044fffff","5","4","2019","54","949","3.8411008230452683","3","0","0","0","48","0","0","6","0"
"898e62d5a27ffff","27","4","2019","28","754","3.6976190476190482","2","0","0","0","0","0","0","28","0"
"898e62c0c2bffff","15","4","2019","653","3761","2.3490343712778645","4","1","0","171","16","0","0","466","0"
"898e62c0813ffff","7","4","2019","47","1200","2.06725768321513","4","0","0","0","11","0","0","36","0"
"898e62c0c2bffff","3","4","2019","622","804","2.069841907824224","3","1","0","115","91","0","0","416","0"
"898e62c2c03ffff","17","4","2019","70","1262","3.5032936507936507","2","0","0","0","70","0","0","0","0"
"898e62d5b9bffff","21","4","2019","24","598","2.2038194444444446","3","0","0","0","0","0","0","24","0"
"898e62d5a8fffff","8","4","2019","7","176","1.2615079365079365","3","0","0","0","0","0","0","7","0"
"898e62c227bffff","7","4","2019","14","281","1.9039682539682539","3","0","0","0","14","0","0","0","0"
"898e62c0647ffff","30","4","2019","102","779","1.2898420479302837","4","0","0","0","0","0","0","102","0"
"898e62c0c0bffff","10","4","2019","557","1225","2.0855525633353276","3","0","1","0","2","0","83","467","5"
"898e62c0bd3ffff","26","4","2019","70","1255","2.420674603174603","4","0","0","0","8","0","0","62","0"
"898e62d593bffff","4","4","2019","119","777","3.4046218487394952","2","0","0","0","49","0","0","70","0"
"898e62d593bffff","16","4","2019","74","739","2.8426426426426414","3","0","0","0","32","0","0","42","0"
"898e62c0c2bffff","29","4","2019","857","4986","2.146266044340723","4","1","0","152","114","0","0","591","0"
"898e62c0c2bffff","1","4","2019","782","3437","2.1879830917874403","4","1","0","185","57","0","0","540","0"
"898e62c56c3ffff","1","4","2019","184","797","2.0468750000000013","3","0","0","0","133","0","0","51","0"
"898e62d4a07ffff","29","4","2019","10","157","1.018611111111111","3","0","0","0","10","0","0","0","0"
"898e62d4a07ffff","3","4","2019","22","546","1.9924242424242422","3","0","0","0","7","0","0","15","0"
"898e62c0497ffff","5","4","2019","167","5415","2.9851630073186946","4","1","0","131","4","0","0","32","0"
"898e62c0c2bffff","11","4","2019","841","3761","2.399286563614745","4","1","0","224","76","0","0","541","0"
"898e62c044fffff","17","4","2019","44","576","2.991540404040405","3","0","0","0","32","0","0","12","0"
"898e62c0c17ffff","1","4","2019","461","1224","2.0059170884550506","3","0","0","0","238","0","0","223","0"
"898e62c044fffff","24","4","2019","3","949","4.076851851851852","3","0","0","0","2","0","0","1","0"
"898e62d5b9bffff","18","4","2019","22","481","2.231691919191919","3","0","0","0","5","0","0","17","0"
"898e62d5807ffff","21","4","2019","1","363","2.0166666666666666","3","0","0","0","1","0","0","0","0"
"898e62c0847ffff","28","4","2019","17","232","1.1223856209150327","3","0","0","0","17","0","0","0","0"
"898e62c0bd3ffff","2","4","2019","72","1255","2.2966049382716043","3","0","0","0","34","0","0","38","0"
"898e62d5b9bffff","25","4","2019","9","611","2.4441358024691358","3","0","0","0","0","0","0","9","0"
"898e62d5a8fffff","16","4","2019","14","723","3.588492063492064","2","0","0","0","14","0","0","0","0"
"898e62c0e0bffff","1","4","2019","105","295","1.4763756613756616","3","0","0","0","0","0","0","105","0"
"898e62d5b9bffff","1","4","2019","27","452","1.603189300411523","3","0","0","0","0","0","0","27","0"
"898e62c086bffff","11","4","2019","36","920","1.8005401234567897","3","0","0","0","31","0","0","5","0"
"898e62c0647ffff","29","4","2019","84","779","1.1508597883597889","4","0","0","0","0","0","0","84","0"
"898e62c0647ffff","24","4","2019","105","779","1.6252910052910061","3","0","0","0","11","0","0","94","0"
"898e62d5a8fffff","9","4","2019","18","334","1.212037037037037","3","0","0","0","0","0","0","18","0"
"898e62c314fffff","7","4","2019","18","355","1.7405864197530863","4","0","0","0","9","0","0","9","0"
"898e62d5a27ffff","30","4","2019","14","754","4.428174603174602","2","0","0","0","0","0","0","14","0"
"898e62c0e0bffff","6","4","2019","145","295","1.3643486590038327","3","0","0","0","7","0","0","138","0"
"898e62d5807ffff","3","4","2019","13","1195","3.9369658119658126","3","1","0","10","3","0","0","0","0"
"898e62d5b9bffff","3","4","2019","13","178","1.1995726495726495","4","0","0","0","0","0","0","13","0"
"898e62d5a8fffff","26","4","2019","10","425","2.136111111111111","3","0","0","0","0","0","0","10","0"
"898e62c0e0bffff","8","4","2019","94","295","1.3955969267139476","3","0","0","0","17","0","0","77","0"
"898e62c0c17ffff","8","4","2019","365","1215","2.148051750380517","3","0","0","0","202","0","0","163","0"
"898e62d5807ffff","8","4","2019","6","801","2.6995370370370377","2","0","0","0","6","0","0","0","0"
"898e62c227bffff","17","4","2019","14","455","1.9053571428571432","2","0","0","0","14","0","0","0","0"
"898e62d5807ffff","1","4","2019","65","2018","2.246410256410257","3","1","0","9","56","0","0","0","0"
"898e62c0813ffff","22","4","2019","62","1080","2.942428315412187","3","0","0","0","4","0","0","58","0"
"898e62c0e0bffff","22","4","2019","121","319","1.4283746556473822","3","0","0","0","4","0","0","117","0"
"898e62c562bffff","26","4","2019","217","911","2.0401049667178692","3","0","0","0","38","0","0","179","0"
"898e62c0c0bffff","26","4","2019","581","1225","2.3022853318034042","3","0","1","0","0","0","137","435","9"
"898e62c0497ffff","11","4","2019","210","4836","2.5366005291005296","3","1","0","88","37","0","0","85","0"
"898e62c0e0bffff","29","4","2019","170","482","0.931862745098039","4","0","0","0","59","0","0","111","0"
"898e62c0c17ffff","10","4","2019","368","1446","1.6576237922705306","4","0","0","0","230","0","0","138","0"
"898e62d5d2fffff","4","4","2019","2","1628","2.8055555555555554","1","0","0","0","0","0","0","2","0"
"898e62c314fffff","23","4","2019","18","595","2.7174382716049377","3","0","0","0","6","0","0","12","0"
"898e62c0847ffff","3","4","2019","12","764","2.1444444444444444","3","0","0","0","12","0","0","0","0"
"898e62c227bffff","10","4","2019","14","455","1.7355158730158726","3","0","0","0","14","0","0","0","0"
"898e62c086bffff","1","4","2019","4","586","3.845833333333333","2","0","0","0","0","0","0","4","0"
"898e62c2c03ffff","2","4","2019","125","2166","3.180599999999999","3","0","0","0","116","0","0","9","0"
"898e62d5a27ffff","28","4","2019","5","486","2.686111111111111","2","0","0","0","0","0","0","5","0"
"898e62d5a27ffff","16","4","2019","26","754","3.968162393162393","2","0","0","0","0","0","0","26","0"
"898e62c0eafffff","18","4","2019","74","420","2.0164414414414424","2","0","0","0","0","0","0","74","0"
"898e62c314fffff","8","4","2019","10","805","2.0261111111111108","4","0","0","0","0","0","0","10","0"
"898e62c086bffff","13","4","2019","100","377","1.9284166666666664","3","0","0","0","19","0","0","81","0"
"898e62c0e0bffff","10","4","2019","123","631","1.4105691056910572","3","0","0","0","0","0","0","123","0"
"898e62c562bffff","28","4","2019","16","451","1.8177083333333333","2","0","0","0","13","0","0","3","0"
"898e62d53cbffff","25","4","2019","3","595","3.4249999999999994","2","0","0","0","0","0","0","3","0"
"898e62c0ea7ffff","3","4","2019","18","777","2.9339506172839505","2","0","0","0","0","0","0","18","0"
"898e62d5a27ffff","14","4","2019","11","754","3.406313131313132","2","0","0","0","0","0","0","11","0"
"898e62c0c2bffff","7","4","2019","498","2860","1.6696564033913428","4","1","0","15","22","0","0","461","0"
"898e62d528bffff","26","4","2019","204","1008","2.1138616557734196","3","0","0","0","0","0","0","204","0"
"898e62c086bffff","18","4","2019","7","377","2.5249999999999995","3","0","0","0","1","0","0","6","0"
"898e62c0497ffff","25","4","2019","72","567","1.9642361111111108","3","0","0","0","20","0","0","52","0"
"898e62c0c0bffff","8","4","2019","361","1218","1.7187980917205299","3","0","0","0","1","0","107","253","0"
"898e62d4a07ffff","16","4","2019","38","416","2.0065789473684212","2","0","0","0","13","0","0","25","0"
"898e62c0c17ffff","29","4","2019","338","1446","1.8660831689677837","3","0","0","0","227","0","0","111","0"
"898e62c0813ffff","5","4","2019","144","1052","2.255459104938271","3","0","0","0","19","0","0","125","0"
"898e62c562bffff","3","4","2019","226","926","2.5674655850540797","3","0","0","0","50","0","0","176","0"
"898e62c56c3ffff","13","4","2019","68","1931","2.2261437908496724","3","1","0","6","62","0","0","0","0"
"898e62c0647ffff","10","4","2019","132","698","1.5953282828282835","4","0","0","0","0","0","0","132","0"
"898e62c562bffff","24","4","2019","234","952","2.7317782526115852","3","0","0","0","11","0","0","223","0"
"898e62d5a27ffff","12","4","2019","11","1274","3.188131313131313","3","0","0","0","0","0","0","11","0"
"898e62d0eabffff","15","4","2019","3","353","1.7749999999999997","3","0","0","0","0","0","0","3","0"
"898e62d5a27ffff","13","4","2019","8","866","3.6256944444444446","3","0","0","0","0","0","0","8","0"
"898e62d5a8fffff","23","4","2019","12","227","1.5696759259259263","3","0","0","0","0","0","0","12","0"
"898e62c0847ffff","17","4","2019","2","307","2.486111111111111","3","0","0","0","2","0","0","0","0"
"898e62d5807ffff","22","4","2019","31","380","1.5989247311827959","3","0","0","0","31","0","0","0","0"
"898e62c0bd3ffff","11","4","2019","65","1007","2.136282051282052","3","0","0","0","37","0","0","28","0"
"898e62c56c3ffff","30","4","2019","81","657","2.0174897119341564","3","0","0","0","69","0","0","12","0"
"898e62d5807ffff","17","4","2019","147","1195","2.0016250944822365","3","1","0","2","64","0","0","81","0"
"898e62c0bd3ffff","28","4","2019","54","1255","1.1921810699588478","4","0","0","0","20","0","0","34","0"
"898e62c562bffff","29","4","2019","152","911","1.7090277777777787","3","0","0","0","31","0","0","121","0"
"898e62c562bffff","10","4","2019","230","911","2.424541062801931","3","0","0","0","8","0","0","222","0"
"898e62c562bffff","12","4","2019","320","861","2.2042795138888893","3","0","0","0","38","0","0","282","0"
"898e62d5807ffff","5","4","2019","124","1195","1.934475806451613","3","1","0","16","108","0","0","0","0"
"898e62d5a27ffff","15","4","2019","8","883","4.207638888888889","2","0","0","0","0","0","0","8","0"
"898e62c0ea7ffff","7","4","2019","43","777","2.696963824289406","3","0","0","0","14","0","0","29","0"
"898e62c0b37ffff","28","4","2019","28","598","1.6769841269841272","4","0","0","0","7","0","0","21","0"
"898e62c0bd3ffff","6","4","2019","73","717","2.1392694063926943","3","0","0","0","23","0","0","50","0"
"898e62c0b37ffff","19","4","2019","47","915","1.9553782505910164","3","0","0","0","26","0","0","21","0"
"898e62c56c3ffff","29","4","2019","193","1931","1.9739637305699478","3","1","0","4","118","0","0","71","0"
"898e62d0eabffff","1","4","2019","9","251","1.7919753086419756","3","0","0","0","0","0","0","9","0"
"898e62c086bffff","14","4","2019","37","647","2.009234234234235","3","0","0","0","5","0","0","32","0"
"898e62c0bd3ffff","21","4","2019","31","206","1.3455197132616492","2","0","0","0","31","0","0","0","0"
"898e62d528bffff","22","4","2019","155","922","2.305017921146955","3","0","0","0","0","0","0","155","0"
"898e62c0c17ffff","2","4","2019","384","1215","1.889120370370371","3","0","0","0","242","0","0","142","0"
"898e62c0c17ffff","4","4","2019","356","955","1.264286828963794","4","0","0","0","256","0","0","100","0"
"898e62d5b9bffff","4","4","2019","11","463","2.856818181818182","3","0","0","0","0","0","0","11","0"
"898e62c2c03ffff","29","4","2019","46","1732","3.2273550724637685","3","0","0","0","42","0","0","4","0"
"898e62c2c03ffff","13","4","2019","66","1717","2.9561868686868666","3","0","0","0","65","0","0","1","0"
"898e62d5b9bffff","15","4","2019","27","598","1.671913580246914","3","0","0","0","20","0","0","7","0"
"898e62c0813ffff","4","4","2019","107","1052","2.577933541017653","3","0","0","0","0","0","0","107","0"
"898e62c0647ffff","13","4","2019","15","541","2.276851851851852","3","0","0","0","8","0","0","7","0"
"898e62d5b9bffff","29","4","2019","12","391","2.4016203703703707","3","0","0","0","0","0","0","12","0"
"898e62c0eafffff","27","4","2019","377","975","1.7012010020630692","3","0","0","0","0","0","0","377","0"
"898e62d5a27ffff","20","4","2019","7","866","3.0865079365079366","3","0","0","0","0","0","0","7","0"
"898e62c0c17ffff","25","4","2019","351","955","1.8809987337765113","4","0","0","0","218","0","0","133","0"
"898e62c0847ffff","16","4","2019","21","425","2.0797619047619045","3","0","0","0","21","0","0","0","0"
"898e62c0e0bffff","21","4","2019","12","210","1.315972222222222","3","0","0","0","0","0","0","12","0"
"898e62d5a27ffff","6","4","2019","26","866","4.007158119658121","2","0","0","0","0","0","0","26","0"
"898e62c0813ffff","6","4","2019","15","1080","3.9129629629629634","2","0","0","0","1","0","0","14","0"
"898e62c0813ffff","28","4","2019","29","1332","3.153735632183908","3","0","0","0","13","0","0","16","0"
"898e62c0c0bffff","17","4","2019","677","1225","1.9761570654849812","4","0","0","0","4","0","98","575","0"
"898e62c562bffff","8","4","2019","344","911","1.9701308139534897","3","0","0","0","78","0","0","266","0"
"898e62d5807ffff","12","4","2019","34","377","2.0325163398692805","2","0","0","0","24","0","0","10","0"
"898e62c2c03ffff","24","4","2019","111","1216","3.2677927927927928","2","0","0","0","111","0","0","0","0"
"898e62c044fffff","27","4","2019","21","593","2.9109788359788356","3","0","0","0","21","0","0","0","0"
"898e62d5807ffff","27","4","2019","2","1195","3.6333333333333333","4","1","0","2","0","0","0","0","0"
"898e62c0c2bffff","20","4","2019","547","804","2.2398283566930726","4","1","0","93","33","0","0","421","0"
"898e62c044fffff","1","4","2019","16","375","1.825173611111111","4","0","0","0","16","0","0","0","0"
"898e62c0647ffff","1","4","2019","61","571","1.721493624772313","4","0","0","0","10","0","0","51","0"
"898e62c086bffff","7","4","2019","45","307","1.4354320987654325","3","0","0","0","35","0","0","10","0"
"898e62d5b9bffff","14","4","2019","18","598","2.1609567901234565","3","0","0","0","0","0","0","18","0"
"898e62c2c03ffff","15","4","2019","80","1024","3.726423611111109","2","0","0","0","75","0","0","5","0"
"898e62c56c3ffff","2","4","2019","200","899","2.1919861111111114","3","0","1","0","120","0","0","70","10"
"898e62c0e0bffff","2","4","2019","58","210","1.4923371647509578","3","0","0","0","0","0","0","58","0"
"898e62c0b37ffff","26","4","2019","297","1099","2.054526748971194","3","0","0","0","26","0","0","271","0"
"898e62c044fffff","18","4","2019","16","1044","3.3012152777777786","3","0","0","0","16","0","0","0","0"
"898e62d4a07ffff","17","4","2019","2","639","3.1944444444444446","2","0","0","0","0","0","0","2","0"
"898e62c0bd3ffff","29","4","2019","89","1255","2.5614544319600494","3","0","0","0","18","0","0","71","0"
"898e62c5443ffff","4","4","2019","2","164","0.8805555555555555","4","0","0","0","2","0","0","0","0"
"898e62d5d2fffff","12","4","2019","2","606","3.7","2","0","0","0","0","0","0","2","0"
"898e62d5227ffff","10","4","2019","4","262","1.6861111111111111","4","0","0","0","4","0","0","0","0"
"898e62c56c3ffff","4","4","2019","162","6031","1.848148148148149","3","1","1","3","136","0","0","21","2"
"898e62c562bffff","25","4","2019","318","911","2.1867662473794556","3","0","0","0","24","0","0","294","0"
"898e62c086bffff","5","4","2019","16","586","2.0541666666666663","3","0","0","0","5","0","0","11","0"
"898e62c2c03ffff","1","4","2019","93","1732","2.986887694145758","2","0","0","0","92","0","0","1","0"
"898e62c0847ffff","13","4","2019","1","735","5.197222222222222","2","0","0","0","0","0","0","1","0"
"898e62d53cbffff","8","4","2019","9","624","3.6240740740740742","2","0","0","0","0","0","0","9","0"
"898e62c0847ffff","27","4","2019","6","852","3.594444444444445","3","0","0","0","0","0","0","6","0"
"898e62c227bffff","4","4","2019","7","251","1.7273809523809525","2","0","0","0","7","0","0","0","0"
"898e62d5d2fffff","7","4","2019","1","724","3.147222222222222","1","0","0","0","0","0","0","1","0"
"898e62c0c2bffff","6","4","2019","688","3183","1.651937984496125","4","1","0","75","41","0","0","572","0"
"898e62c562bffff","22","4","2019","183","911","1.9068913175470543","3","0","0","0","8","0","0","175","0"
"898e62d0eabffff","8","4","2019","24","615","1.8092592592592587","3","0","0","0","0","0","0","24","0"
"898e62d5383ffff","28","4","2019","1","467","1.6944444444444444","3","0","0","0","0","0","0","1","0"
"898e62d5b9bffff","11","4","2019","8","481","2.2937499999999997","3","0","0","0","0","0","0","8","0"
"898e62c0497ffff","22","4","2019","132","4836","1.705597643097643","3","1","0","17","75","0","0","40","0"
"898e62c044fffff","10","4","2019","43","740","2.9191214470284237","3","0","0","0","43","0","0","0","0"
"898e62c2c03ffff","19","4","2019","32","800","3.4600694444444438","2","0","0","0","28","0","0","4","0"
"898e62c0c2bffff","12","4","2019","669","3761","2.145773127387478","4","1","0","165","29","0","0","475","0"
"898e62c0497ffff","24","4","2019","174","4836","2.4560504469987228","4","1","0","152","0","0","0","22","0"
"898e62c56c3ffff","24","4","2019","163","956","1.9502897068847993","3","0","0","0","124","0","0","39","0"
"898e62c0c0bffff","5","4","2019","457","1218","1.7921468514466323","4","0","0","0","8","0","51","398","0"
"898e62d5a27ffff","29","4","2019","8","754","4.620138888888889","2","0","0","0","0","0","0","8","0"
"898e62d5b9bffff","9","4","2019","6","579","3.896296296296296","2","0","0","0","0","0","0","6","0"
"898e62d5d0fffff","22","4","2019","2","278","2.1","1","0","0","0","0","0","0","2","0"
"898e62c0bd3ffff","14","4","2019","43","1131","1.8572351421188624","3","0","0","0","20","0","0","23","0"
"898e62c56c3ffff","18","4","2019","66","340","1.7962962962962956","3","0","0","0","66","0","0","0","0"
"898e62d5a8fffff","6","4","2019","5","592","3.5966666666666667","2","0","0","0","5","0","0","0","0"
"898e62c562bffff","1","4","2019","171","911","1.779613385315139","3","0","0","0","2","0","0","169","0"
"898e62c56c3ffff","3","4","2019","172","703","1.757994186046512","3","0","1","0","155","0","0","13","4"
"898e62d0eabffff","29","4","2019","2","185","1.4291666666666667","3","0","0","0","0","0","0","2","0"
"898e62d593bffff","7","4","2019","27","739","4.8430041152263374","2","0","0","0","0","0","0","27","0"
"898e62d0eabffff","6","4","2019","12","295","2.3407407407407406","3","0","0","0","0","0","0","12","0"
"898e62c0bd3ffff","22","4","2019","55","1007","2.456515151515151","3","0","0","0","25","0","0","30","0"
"898e62c56c3ffff","20","4","2019","116","703","1.8383381226053643","3","0","0","0","111","0","0","5","0"
"898e62d528bffff","18","4","2019","165","1083","2.080067340067339","3","0","0","0","0","0","0","165","0"
"898e62c0ea7ffff","19","4","2019","42","777","2.63015873015873","2","0","0","0","16","0","0","26","0"
"898e62c044fffff","25","4","2019","30","1659","3.845277777777777","3","0","0","0","24","0","0","6","0"
"898e62c086bffff","10","4","2019","29","950","2.925766283524904","3","0","0","0","2","0","0","27","0"
"898e62c0eafffff","14","4","2019","13","559","2.535042735042736","2","0","0","0","0","0","0","13","0"
"898e62c227bffff","11","4","2019","9","251","1.9956790123456791","2","0","0","0","9","0","0","0","0"
"898e62c56c3ffff","6","4","2019","171","1931","2.2200779727095523","3","1","0","16","152","0","0","3","0"
"898e62d0eabffff","11","4","2019","6","353","1.9546296296296297","3","0","0","0","0","0","0","6","0"
"898e62c0497ffff","10","4","2019","97","5415","2.4882016036655226","3","1","0","34","2","0","0","61","0"
"898e62c0ea7ffff","5","4","2019","17","847","3.286764705882353","2","0","0","0","2","0","0","15","0"
"898e62d5047ffff","16","4","2019","4","1200","3.4916666666666663","3","0","0","0","0","0","0","4","0"
"898e62d528bffff","7","4","2019","213","1223","2.0207616066771","4","0","0","0","0","0","0","213","0"
"898e62c0c17ffff","14","4","2019","102","1446","2.5989923747276693","3","0","0","0","50","0","0","52","0"
"898e62c0b37ffff","2","4","2019","185","1099","2.350390390390392","3","0","0","0","16","0","0","169","0"
"898e62c0b37ffff","16","4","2019","112","1061","3.3242559523809545","3","0","0","0","0","0","0","112","0"
"898e62c0eafffff","24","4","2019","328","559","1.7174966124661262","3","0","0","0","0","0","0","328","0"
"898e62c0eafffff","22","4","2019","295","429","1.588907721280603","3","0","0","0","0","0","0","295","0"
"898e62c0c0bffff","27","4","2019","802","1225","1.9964948739262924","4","0","0","0","0","0","244","558","0"
"898e62c0847ffff","7","4","2019","12","787","1.3479166666666667","4","0","0","0","5","0","0","7","0"
"898e62c086bffff","16","4","2019","4","586","2.363888888888889","4","0","0","0","2","0","0","2","0"
"898e62c56c3ffff","17","4","2019","74","1048","1.8439564564564557","3","0","0","0","72","0","0","2","0"
"898e62c0c0bffff","29","4","2019","698","1225","1.7240966252785754","4","0","0","0","4","0","138","556","0"
"898e62d4a07ffff","25","4","2019","24","325","1.714351851851852","3","0","0","0","13","0","0","11","0"
"898e62c0e0bffff","14","4","2019","8","199","1.5142361111111113","3","0","0","0","8","0","0","0","0"
"898e62d5383ffff","29","4","2019","10","184","1.0969444444444445","4","0","0","0","10","0","0","0","0"
"898e62d4a07ffff","14","4","2019","7","385","1.9809523809523808","3","0","0","0","0","0","0","7","0"
"898e62d5383ffff","27","4","2019","2","588","3.261111111111111","2","0","0","0","0","0","0","2","0"
"898e62d53cbffff","22","4","2019","13","939","3.176495726495726","2","0","0","0","0","0","0","13","0"
"898e62d5a27ffff","11","4","2019","35","1274","3.4892857142857143","2","0","0","0","0","0","0","35","0"
"898e62c0eafffff","12","4","2019","360","1116","1.673850308641978","3","0","0","0","5","0","0","355","0"
"898e62c0eafffff","10","4","2019","339","837","1.7255653883972466","3","0","0","0","0","0","0","339","0"
"898e62d53cbffff","24","4","2019","6","973","3.1712962962962963","3","0","0","0","0","0","0","6","0"
"898e62c086bffff","26","4","2019","30","920","2.335925925925926","3","0","0","0","2","0","0","28","0"
"898e62d5807ffff","6","4","2019","18","2786","3.290123456790123","4","1","0","8","10","0","0","0","0"
"898e62d5a27ffff","26","4","2019","4","883","4.618055555555555","2","0","0","0","0","0","0","4","0"
"898e62c0eafffff","15","4","2019","448","701","1.5569320436507916","3","0","0","0","0","0","0","448","0"
"898e62c0c17ffff","26","4","2019","282","983","1.9338356973995272","3","0","0","0","175","0","0","107","0"
"898e62c0847ffff","4","4","2019","45","763","2.2726543209876544","3","0","0","0","29","0","0","16","0"
"898e62c0e0bffff","11","4","2019","129","295","1.3691860465116277","3","0","0","0","9","0","0","120","0"
"898e62c0c2bffff","23","4","2019","917","5203","2.2079516539440216","4","1","0","233","143","0","0","541","0"
"898e62d5383ffff","30","4","2019","5","209","1.717222222222222","3","0","0","0","0","0","0","5","0"
"898e62d4a07ffff","9","4","2019","13","639","1.9579059829059828","3","0","0","0","9","0","0","4","0"
"898e62d53cbffff","5","4","2019","4","595","3.611111111111111","2","0","0","0","0","0","0","4","0"
"898e62d5807ffff","13","4","2019","4","740","2.970833333333333","2","0","0","0","4","0","0","0","0"
"898e62c0c17ffff","28","4","2019","171","1446","2.566049382716049","3","0","0","0","74","0","0","97","0"
"898e62c086bffff","23","4","2019","23","408","2.2448067632850233","3","0","0","0","23","0","0","0","0"
"898e62c562bffff","16","4","2019","298","911","2.307634228187917","3","0","0","0","25","0","0","273","0"
"898e62c2c03ffff","7","4","2019","5","1732","3.3077777777777784","1","0","0","0","3","0","0","2","0"
"898e62c086bffff","21","4","2019","39","316","1.7066239316239318","3","0","0","0","2","0","0","37","0"
"898e62d5807ffff","30","4","2019","6","1195","3.7490740740740747","4","1","0","6","0","0","0","0","0"
"898e62c0eafffff","19","4","2019","109","285","1.8604994903160037","2","0","0","0","0","0","0","109","0"
"898e62c0e0bffff","23","4","2019","121","295","1.151078971533516","4","0","0","0","0","0","0","121","0"
"898e62d5b9bffff","26","4","2019","4","368","2.1722222222222225","3","0","0","0","0","0","0","4","0"
"898e62d5807ffff","15","4","2019","34","1195","2.7486111111111113","2","1","0","7","21","0","0","6","0"
"898e62c562bffff","14","4","2019","33","808","2.2967171717171717","3","0","0","0","25","0","0","8","0"
"898e62c0647ffff","27","4","2019","18","571","2.5552469135802474","3","0","0","0","0","0","0","18","0"
"898e62c0e0bffff","26","4","2019","33","601","1.7013468013468016","3","0","0","0","0","0","0","33","0"
"898e62c0c17ffff","11","4","2019","409","955","1.7130127682694916","4","0","0","0","256","0","0","153","0"
"898e62c0497ffff","7","4","2019","135","2434","1.9361111111111116","3","1","0","15","36","0","0","84","0"
"898e62c0eafffff","13","4","2019","324","979","1.5759259259259257","3","0","0","0","0","0","0","324","0"
"898e62d5a27ffff","8","4","2019","32","1274","3.8019965277777787","2","0","0","0","0","0","0","32","0"
"898e62d5b9bffff","13","4","2019","12","579","2.4972222222222222","3","0","0","0","0","0","0","12","0"
"898e62d5a27ffff","25","4","2019","8","754","3.7006944444444447","2","0","0","0","0","0","0","8","0"
"898e62c0647ffff","15","4","2019","99","571","1.4851010101010103","4","0","0","0","0","0","0","99","0"
"898e62c56c3ffff","5","4","2019","157","6031","2.4664897381457878","3","1","0","14","107","0","0","36","0"
"898e62d5807ffff","9","4","2019","58","1195","2.2413793103448274","2","1","0","1","42","0","0","15","0"
"898e62d5047ffff","5","4","2019","15","523","3.2637037037037033","3","0","0","0","0","0","0","15","0"
"898e62c0813ffff","2","4","2019","187","1149","2.57892156862745","3","0","0","0","8","0","0","179","0"
"898e62d593bffff","11","4","2019","65","739","3.3323504273504265","3","0","0","0","25","0","0","40","0"
"898e62c314fffff","24","4","2019","2","744","4.0777777777777775","3","0","0","0","0","0","0","2","0"
"898e62d0887ffff","24","4","2019","12","253","1.8037037037037038","4","0","0","0","12","0","0","0","0"
"898e62c2c03ffff","22","4","2019","131","1024","3.1144614079728585","3","0","0","0","131","0","0","0","0"
"898e62d5d2fffff","5","4","2019","7","1268","2.7111111111111112","1","0","0","0","0","0","0","7","0"
"898e62c56c3ffff","22","4","2019","223","6031","1.8510214250124568","3","1","1","8","126","0","0","52","37"
"898e62d0eabffff","21","4","2019","30","600","2.4876851851851853","3","0","0","0","0","0","0","30","0"
"898e62c0eafffff","17","4","2019","292","559","1.6470224505327242","3","0","0","0","0","0","0","292","0"
"898e62c0c2bffff","10","4","2019","683","3761","2.309850333496016","4","1","0","183","74","0","0","426","0"
"898e62d5a27ffff","22","4","2019","22","754","2.5496212121212127","3","0","0","0","12","0","0","10","0"
"898e62d0eabffff","23","4","2019","2","600","3.727777777777778","2","0","0","0","0","0","0","2","0"
"898e62c0b37ffff","13","4","2019","78","948","2.0235754985754975","3","0","0","0","3","0","0","75","0"
"898e62c314fffff","10","4","2019","9","547","2.705246913580247","3","0","0","0","2","0","0","7","0"
"898e62c5443ffff","9","4","2019","2","432","1.0194444444444444","4","0","0","0","0","0","0","2","0"
"898e62c5443ffff","14","4","2019","2","221","1.3416666666666666","4","0","0","0","2","0","0","0","0"
"898e62d5397ffff","27","4","2019","3","588","3.047222222222222","2","0","0","0","0","0","0","3","0"
"898e62d593bffff","25","4","2019","90","1227","3.9671913580246905","2","0","0","0","37","0","0","53","0"
"898e62c0bd3ffff","8","4","2019","44","1131","2.297727272727273","3","0","0","0","19","0","0","25","0"
"898e62d4a07ffff","30","4","2019","88","546","1.158017676767677","3","0","0","0","62","0","0","26","0"
"898e62d4a07ffff","24","4","2019","36","1049","2.2136574074074074","3","0","0","0","0","0","0","36","0"
"898e62d4a07ffff","10","4","2019","8","566","2.1944444444444446","3","0","0","0","4","0","0","4","0"
"898e62c0bd3ffff","20","4","2019","24","231","1.2163194444444447","4","0","0","0","24","0","0","0","0"
"898e62d5a8fffff","1","4","2019","8","341","2.3465277777777778","3","0","0","0","0","0","0","8","0"
"898e62c0c0bffff","2","4","2019","430","1218","1.7943604651162794","4","0","0","0","4","0","94","332","0"
"898e62d528bffff","3","4","2019","244","1644","2.5110541894353378","3","0","0","0","0","0","0","244","0"
"898e62c2c03ffff","18","4","2019","37","1732","3.165015015015014","2","0","0","0","33","0","0","4","0"
"898e62d528bffff","30","4","2019","182","1083","2.597344322344323","3","0","0","0","0","0","0","182","0"
"898e62c2c03ffff","20","4","2019","109","1216","2.894215086646279","3","0","0","0","109","0","0","0","0"
"898e62c2c03ffff","23","4","2019","87","1717","3.263569604086846","3","0","0","0","81","0","0","6","0"
"898e62c0647ffff","14","4","2019","29","541","2.1960727969348657","3","0","0","0","15","0","0","14","0"
"898e62d5a8fffff","19","4","2019","9","410","2.4586419753086424","3","0","0","0","9","0","0","0","0"
"898e62c0847ffff","5","4","2019","27","764","2.1320987654320995","3","0","0","0","27","0","0","0","0"
"898e62c0ea7ffff","22","4","2019","16","777","2.928819444444444","2","0","0","0","6","0","0","10","0"
"898e62c0497ffff","27","4","2019","178","5415","2.1300561797752793","4","1","0","29","8","0","0","141","0"
"898e62c0eafffff","2","4","2019","258","837","2.0819982773471146","3","0","0","0","0","0","0","258","0"
"898e62c0eafffff","16","4","2019","368","1062","1.4595410628019325","3","0","0","0","0","0","0","368","0"
"898e62d5d0fffff","6","4","2019","12","672","1.3444444444444443","2","0","0","0","12","0","0","0","0"
"898e62c227bffff","9","4","2019","9","302","1.8021604938271605","2","0","0","0","9","0","0","0","0"
"898e62c0497ffff","13","4","2019","168","5415","2.0106316137566123","3","1","1","16","16","0","0","132","4"
"898e62c5443ffff","28","4","2019","8","389","1.6916666666666667","4","0","0","0","8","0","0","0","0"
"898e62c0c0bffff","7","4","2019","66","1218","1.9779040404040407","3","0","0","0","0","0","2","64","0"
"898e62d5d0fffff","15","4","2019","11","278","1.602020202020202","2","0","0","0","2","0","0","9","0"
"898e62c56c3ffff","11","4","2019","207","956","1.7774288781535166","3","0","0","0","176","0","0","31","0"
"898e62c0497ffff","30","4","2019","148","5415","2.7608295795795796","4","1","0","105","27","0","0","16","0"
"898e62c0bd3ffff","30","4","2019","148","1255","2.464451951951952","3","0","0","0","35","0","0","113","0"
"898e62d5227ffff","18","4","2019","13","360","1.5435897435897437","3","0","0","0","13","0","0","0","0"
"898e62d528bffff","13","4","2019","215","1083","2.161873385012922","3","0","0","0","0","0","0","215","0"
"898e62c0ea7ffff","27","4","2019","58","1264","1.9344827586206899","3","0","0","0","8","0","0","50","0"
"898e62d0eabffff","26","4","2019","9","258","2.079320987654321","3","0","0","0","0","0","0","9","0"
"898e62c314fffff","6","4","2019","9","744","4.79104938271605","3","0","0","0","0","0","0","9","0"
"898e62d5227ffff","3","4","2019","3","281","2.0407407407407407","3","0","0","0","3","0","0","0","0"
"898e62c562bffff","21","4","2019","39","545","1.6588319088319083","3","0","0","0","10","0","0","29","0"
"898e62d528bffff","15","4","2019","167","1777","2.478443113772456","3","0","0","0","0","0","0","167","0"
"898e62c0bd3ffff","15","4","2019","64","717","2.0473090277777777","3","0","0","0","39","0","0","25","0"
"898e62c0bd3ffff","3","4","2019","46","717","2.232427536231884","2","0","0","0","28","0","0","18","0"
"898e62d5a27ffff","19","4","2019","7","754","3.957936507936508","2","0","0","0","0","0","0","7","0"
"898e62c0647ffff","8","4","2019","25","571","1.783","4","0","0","0","2","0","0","23","0"
"898e62c0e0bffff","5","4","2019","56","210","1.4327380952380953","3","0","0","0","0","0","0","56","0"
"898e62d5b9bffff","24","4","2019","4","408","3.2472222222222227","2","0","0","0","0","0","0","4","0"
"898e62d5d2fffff","10","4","2019","2","606","2.5555555555555554","3","0","0","0","0","0","0","2","0"
"898e62d5a27ffff","17","4","2019","4","754","3.923611111111111","2","0","0","0","0","0","0","4","0"
"898e62c0ea7ffff","26","4","2019","239","645","0.9581706183170619","4","0","0","0","68","0","0","171","0"
"898e62c562bffff","4","4","2019","249","861","2.4344600624721084","3","0","0","0","23","0","0","226","0"
"898e62d4a07ffff","20","4","2019","8","281","2.2895833333333333","3","0","0","0","0","0","0","8","0"
"898e62d4a07ffff","8","4","2019","20","2189","2.5595833333333338","2","0","0","0","4","0","0","16","0"
"898e62d4a07ffff","21","4","2019","2","751","2.2","3","0","0","0","0","0","0","2","0"
"898e62c0eafffff","29","4","2019","239","571","1.6592515109251516","3","0","0","0","0","0","0","239","0"
"898e62c0bd3ffff","7","4","2019","47","1131","1.5973404255319146","4","0","0","0","3","0","0","44","0"
"898e62d5047ffff","15","4","2019","2","1189","5.016666666666667","2","0","0","0","0","0","0","2","0"
"898e62c0c0bffff","30","4","2019","586","1225","1.824635001896095","4","0","1","0","0","0","138","445","3"
"898e62d5a8fffff","11","4","2019","6","607","2.325925925925926","3","0","0","0","0","0","0","6","0"
"898e62c0ea7ffff","2","4","2019","24","847","1.8291666666666666","3","0","0","0","8","0","0","16","0"
"898e62c0c2bffff","8","4","2019","662","3978","2.2673380328969452","4","1","0","147","60","0","0","455","0"
"898e62c5443ffff","17","4","2019","4","316","1.8743055555555554","4","0","0","0","2","0","0","2","0"
"898e62c0e0bffff","25","4","2019","38","482","1.5752192982456141","3","0","0","0","0","0","0","38","0"
"898e62c0c17ffff","23","4","2019","428","955","1.6481892523364476","4","0","0","0","292","0","0","136","0"
"898e62d53cbffff","15","4","2019","2","405","2.933333333333333","2","0","0","0","2","0","0","0","0"
"898e62c0847ffff","15","4","2019","26","646","2.2711538461538456","3","0","0","0","24","0","0","2","0"
"898e62c0c2bffff","17","4","2019","845","4986","2.5890236686390544","4","1","0","260","87","0","0","498","0"
"898e62c56c3ffff","26","4","2019","133","6031","2.0807017543859665","3","1","0","2","99","0","0","32","0"
"898e62c5443ffff","16","4","2019","34","454","1.525816993464052","4","0","0","0","34","0","0","0","0"
"898e62d593bffff","18","4","2019","26","739","3.5608974358974352","2","0","0","0","11","0","0","15","0"
"898e62c227bffff","16","4","2019","18","261","1.5324074074074074","3","0","0","0","18","0","0","0","0"
"898e62d5d0fffff","30","4","2019","31","490","1.1107526881720429","4","0","0","0","0","0","0","31","0"
"898e62c0497ffff","29","4","2019","148","4836","2.010942192192193","4","1","0","67","29","0","0","52","0"
"898e62c0ea7ffff","10","4","2019","27","777","3.021604938271605","2","0","0","0","10","0","0","17","0"
"898e62c0c17ffff","5","4","2019","318","955","1.6921296296296295","3","0","0","0","259","0","0","59","0"
"898e62c044fffff","3","4","2019","16","464","2.8322916666666673","3","0","0","0","7","0","0","9","0"
"898e62c0647ffff","21","4","2019","2","322","2.55","3","0","0","0","2","0","0","0","0"
"898e62c086bffff","19","4","2019","12","824","2.0824074074074073","4","0","0","0","0","0","0","12","0"
"898e62c086bffff","9","4","2019","19","586","1.9124269005847956","3","0","0","0","14","0","0","5","0"
"898e62c0813ffff","30","4","2019","89","1332","3.0236267166042463","3","0","0","0","17","0","0","72","0"
"898e62c0c0bffff","18","4","2019","71","575","1.5021517996870104","3","0","0","0","0","0","7","64","0"
"898e62d5807ffff","25","4","2019","21","740","2.5977513227513227","2","0","0","0","21","0","0","0","0"
"898e62d5807ffff","23","4","2019","44","380","2.1934974747474745","2","0","0","0","9","0","0","35","0"
"898e62c0eafffff","5","4","2019","300","837","1.693231481481482","3","0","0","0","2","0","0","298","0"
"898e62c0ea7ffff","28","4","2019","29","625","1.902490421455939","3","0","0","0","9","0","0","20","0"
"898e62d53cbffff","13","4","2019","15","394","1.6648148148148147","3","0","0","0","9","0","0","6","0"
"898e62c562bffff","7","4","2019","28","231","1.7100198412698415","3","0","0","0","14","0","0","14","0"
"898e62c0c2bffff","9","4","2019","721","6696","2.32584758822623","4","1","0","180","62","0","0","479","0"
"898e62c0c17ffff","21","4","2019","73","728","2.0380517503805167","3","0","0","0","46","0","0","27","0"
"898e62c0ea7ffff","14","4","2019","40","777","2.0012499999999998","3","0","0","0","0","0","0","40","0"
"898e62c0c0bffff","13","4","2019","657","1225","2.1383054287163894","3","0","0","0","0","0","240","417","0"
"898e62c044fffff","19","4","2019","8","576","3.54375","3","0","0","0","8","0","0","0","0"
"898e62d5047ffff","12","4","2019","2","274","1.5333333333333334","3","0","0","0","2","0","0","0","0"
"898e62d5047ffff","29","4","2019","14","523","3.785714285714286","2","0","0","0","0","0","0","14","0"
"898e62c0847ffff","14","4","2019","5","233","1.4016666666666668","2","0","0","0","5","0","0","0","0"
"898e62c0c2bffff","28","4","2019","417","732","1.6988675726085787","4","1","0","2","13","0","0","402","0"
"898e62c0813ffff","20","4","2019","5","482","2.4655555555555555","3","0","0","0","5","0","0","0","0"
"898e62c0c17ffff","6","4","2019","384","955","1.5011357060185173","4","0","0","0","285","0","0","99","0"
"898e62d5a27ffff","18","4","2019","29","754","4.160823754789272","2","0","0","0","0","0","0","29","0"
"898e62c0813ffff","1","4","2019","148","1297","2.657845345345345","3","0","0","0","0","0","0","148","0"
"898e62d53cbffff","29","4","2019","6","467","2.093518518518519","3","0","0","0","0","0","0","6","0"
"898e62d5d2fffff","6","4","2019","3","1268","2.536111111111111","2","0","0","0","0","0","0","3","0"
"898e62d5a8fffff","14","4","2019","5","163","1.2772222222222223","3","0","0","0","0","0","0","5","0"
"898e62c0bd3ffff","27","4","2019","92","1131","2.1982487922705323","3","0","0","0","53","0","0","39","0"
"898e62d528bffff","1","4","2019","111","759","2.1870120120120125","3","0","0","0","0","0","0","111","0"
"898e62c562bffff","13","4","2019","67","952","2.294195688225541","3","0","0","0","7","0","0","60","0"
"898e62c044fffff","28","4","2019","23","1619","3.1987922705314005","3","0","0","0","23","0","0","0","0"
"898e62d528bffff","20","4","2019","233","1073","2.254101096804958","3","0","0","0","0","0","0","233","0"
"898e62c2c03ffff","6","4","2019","50","1024","3.3916666666666675","2","0","0","0","40","0","0","10","0"
"898e62c227bffff","22","4","2019","18","402","2.1952160493827164","2","0","0","0","18","0","0","0","0"
"898e62c0c2bffff","26","4","2019","673","5203","2.5235264982664707","4","1","0","225","56","0","0","392","0"
"898e62c0813ffff","25","4","2019","140","1297","2.9945833333333347","3","0","0","0","18","0","0","122","0"
"898e62c0b37ffff","14","4","2019","30","944","2.31925925925926","3","0","0","0","2","0","0","28","0"
"898e62c0e0bffff","28","4","2019","5","392","1.4811111111111113","3","0","0","0","0","0","0","5","0"
"898e62c044fffff","13","4","2019","30","1114","3.621944444444445","3","0","0","0","10","0","0","20","0"
"898e62d5807ffff","18","4","2019","13","617","2.932905982905983","2","0","0","0","2","0","0","11","0"
"898e62d593bffff","23","4","2019","123","1206","2.962353206865404","3","0","0","0","53","0","0","70","0"
"898e62d5a27ffff","5","4","2019","53","754","3.5787211740041944","2","0","0","0","0","0","0","53","0"
"898e62c562bffff","19","4","2019","17","325","1.8127450980392155","3","0","0","0","0","0","0","17","0"
"898e62c5443ffff","22","4","2019","14","292","0.8367063492063493","4","0","0","0","14","0","0","0","0"
"898e62c56c3ffff","27","4","2019","78","463","1.5056980056980052","3","0","0","0","78","0","0","0","0"
"898e62c562bffff","11","4","2019","167","861","2.073236859614105","3","0","0","0","7","0","0","160","0"
"898e62c0813ffff","11","4","2019","98","1297","2.4727607709750563","3","0","0","0","0","0","0","98","0"
"898e62c0c17ffff","16","4","2019","332","1446","2.101589692101741","3","0","0","0","198","0","0","134","0"
"898e62c0813ffff","16","4","2019","56","1297","3.5524801587301593","3","0","0","0","0","0","0","56","0"
"898e62d593bffff","21","4","2019","30","777","4.135833333333332","2","0","0","0","11","0","0","19","0"
"898e62d4a07ffff","26","4","2019","4","639","2.406944444444444","3","0","0","0","2","0","0","2","0"
"898e62c044fffff","30","4","2019","18","949","3.476388888888889","3","0","0","0","12","0","0","6","0"
"898e62c0c0bffff","19","4","2019","122","911","1.7915528233151194","3","0","0","0","25","0","17","80","0"
"898e62c2c03ffff","10","4","2019","67","1208","3.3027363184079594","3","0","0","0","65","0","0","2","0"
"898e62c0647ffff","20","4","2019","5","698","4.897777777777778","2","0","0","0","0","0","0","5","0"
"898e62d0eabffff","3","4","2019","8","258","1.7444444444444445","3","0","0","0","0","0","0","8","0"
"898e62c0bd3ffff","25","4","2019","142","1255","2.4796948356807507","3","0","0","0","4","0","0","138","0"
"898e62c562bffff","17","4","2019","1149","952","0.27696547722657383","5","0","0","0","151","0","0","998","0"
"898e62c0813ffff","14","4","2019","14","1235","1.9428571428571428","3","0","0","0","13","0","0","1","0"
"898e62c562bffff","9","4","2019","305","861","2.131438979963571","3","0","0","0","41","0","0","264","0"
"898e62c086bffff","28","4","2019","13","460","2.3566239316239317","3","0","0","0","3","0","0","10","0"
"898e62c0813ffff","23","4","2019","109","1200","2.8061416921508666","3","0","0","0","10","0","0","99","0"
"898e62d528bffff","5","4","2019","231","1214","2.2334295334295344","3","0","0","0","0","0","0","231","0"
"898e62d5d0fffff","29","4","2019","2","1068","1.0611111111111111","3","0","0","0","2","0","0","0","0"
"898e62d5b9bffff","10","4","2019","9","251","1.7003086419753088","3","0","0","0","0","0","0","9","0"
"898e62c227bffff","15","4","2019","11","261","2.032070707070707","2","0","0","0","11","0","0","0","0"
"898e62c0c17ffff","27","4","2019","338","1446","1.737565746219592","4","0","0","0","213","0","0","125","0"
"898e62c314fffff","21","4","2019","5","355","2.0283333333333333","4","0","0","0","0","0","0","5","0"
"898e62c0497ffff","8","4","2019","149","4836","1.9109806114839656","3","1","0","23","77","0","0","49","0"
"898e62c0c17ffff","24","4","2019","421","1446","2.174043283188175","3","0","0","0","217","0","0","204","0"
"898e62c0b37ffff","23","4","2019","126","1061","2.522134038800706","3","0","0","0","18","0","0","108","0"
"898e62c0647ffff","23","4","2019","155","779","1.3176881720430107","4","0","0","0","12","0","0","143","0"
"898e62d53cbffff","23","4","2019","15","629","2.935925925925926","2","0","0","0","0","0","0","15","0"
"898e62c0b37ffff","27","4","2019","75","512","1.3197777777777775","4","0","0","0","34","0","0","41","0"
"898e62d528bffff","21","4","2019","237","1223","1.8485114861697132","4","0","0","0","0","0","0","237","0"
"898e62d53cbffff","9","4","2019","19","200","1.4026315789473685","4","0","0","0","0","0","0","19","0"
"898e62c0813ffff","29","4","2019","71","1080","3.2088810641627554","3","0","0","0","9","0","0","62","0"
"898e62c0847ffff","23","4","2019","10","314","2.3794444444444443","3","0","0","0","10","0","0","0","0"
"898e62c0e0bffff","15","4","2019","73","898","1.359703196347032","3","0","0","0","2","0","0","71","0"
"898e62c0497ffff","16","4","2019","275","5415","2.2135555555555553","3","1","1","134","105","0","0","34","2"
"898e62c0eafffff","3","4","2019","231","559","1.5902958152958149","3","0","0","0","0","0","0","231","0"
"898e62d5807ffff","11","4","2019","25","1195","2.075777777777778","2","1","0","2","23","0","0","0","0"
"898e62c0e0bffff","30","4","2019","118","334","1.1282485875706216","3","0","0","0","30","0","0","88","0"
"898e62d53cbffff","3","4","2019","19","719","2.6324561403508766","3","0","0","0","0","0","0","19","0"
"898e62d53cbffff","1","4","2019","9","595","3.498456790123457","3","0","0","0","0","0","0","9","0"
"898e62c5443ffff","29","4","2019","2","164","0.29444444444444445","4","0","0","0","2","0","0","0","0"
"898e62d4a07ffff","22","4","2019","4","546","2.225","3","0","0","0","0","0","0","4","0"
"898e62d53cbffff","17","4","2019","14","757","3.697222222222222","2","0","0","0","0","0","0","14","0"
"898e62d5b9bffff","16","4","2019","14","669","2.373412698412698","3","0","0","0","8","0","0","6","0"
"898e62d528bffff","19","4","2019","81","969","2.6287722908093274","3","0","0","0","0","0","0","81","0"
"898e62d5a8fffff","30","4","2019","25","334","2.0973333333333333","3","0","0","0","0","0","0","25","0"
"898e62c0bd3ffff","9","4","2019","88","1040","2.7315656565656568","3","0","0","0","16","0","0","72","0"
"898e62c562bffff","6","4","2019","91","911","2.367704517704517","3","0","0","0","10","0","0","81","0"
"898e62d4a07ffff","12","4","2019","4","206","0.9263888888888889","4","0","0","0","4","0","0","0","0"
"898e62c044fffff","12","4","2019","64","1659","2.935590277777777","3","0","0","0","39","0","0","25","0"
"898e62c0eafffff","4","4","2019","266","841","1.6920634920634914","3","0","0","0","0","0","0","266","0"
"898e62c562bffff","23","4","2019","218","911","1.8403669724770646","3","0","0","0","28","0","0","190","0"
"898e62c56c3ffff","16","4","2019","102","1931","2.184667755991287","3","1","0","2","55","0","0","45","0"
"898e62d593bffff","3","4","2019","96","739","2.9023148148148166","3","0","0","0","41","0","0","55","0"
"898e62c227bffff","14","4","2019","13","301","1.7938034188034189","2","0","0","0","13","0","0","0","0"
"898e62c0847ffff","29","4","2019","5","646","2.0166666666666666","2","0","0","0","3","0","0","2","0"
"898e62c2c03ffff","3","4","2019","70","883","3.207222222222223","3","0","0","0","70","0","0","0","0"
"898e62c0813ffff","17","4","2019","42","1080","3.151521164021163","3","0","0","0","0","0","0","42","0"
"898e62d528bffff","10","4","2019","286","1083","2.4984945609945615","3","0","0","0","0","0","0","286","0"
"898e62c0847ffff","12","4","2019","51","764","1.978104575163399","3","0","0","0","43","0","0","8","0"
"898e62d53cbffff","16","4","2019","8","394","2.977777777777778","3","0","0","0","0","0","0","8","0"
"898e62c0813ffff","19","4","2019","5","482","1.9216666666666669","3","0","0","0","5","0","0","0","0"
"898e62c0ea7ffff","29","4","2019","26","847","3.7636752136752136","1","0","0","0","3","0","0","23","0"
"898e62d5b9bffff","22","4","2019","35","481","2.1548412698412696","3","0","0","0","12","0","0","23","0"
"898e62c0c0bffff","28","4","2019","185","454","1.5134984984984985","3","0","0","0","4","0","24","157","0"
"898e62d528bffff","28","4","2019","270","1223","1.8021913580246904","4","0","0","0","0","0","0","270","0"
"898e62c0e0bffff","24","4","2019","68","295","1.4585784313725487","3","0","0","0","0","0","0","68","0"
"898e62c227bffff","13","4","2019","40","405","1.6032638888888886","3","0","0","0","40","0","0","0","0"
"898e62c0647ffff","25","4","2019","130","779","1.541559829059829","4","0","0","0","0","0","0","130","0"
"898e62c0e0bffff","27","4","2019","206","295","1.283683926645092","3","0","0","0","8","0","0","198","0"
"898e62d53cbffff","11","4","2019","7","624","2.318650793650794","3","0","0","0","0","0","0","7","0"
"898e62c0497ffff","21","4","2019","33","537","2.435521885521886","2","0","0","0","25","0","0","8","0"
"898e62c0b37ffff","24","4","2019","253","1061","2.210957400087835","3","0","0","0","11","0","0","242","0"
"898e62c0847ffff","30","4","2019","14","314","1.9706349206349205","3","0","0","0","14","0","0","0","0"
"898e62d5227ffff","24","4","2019","11","293","2.0363636363636366","2","0","0","0","11","0","0","0","0"
"898e62c5443ffff","1","4","2019","13","316","1.4290598290598289","4","0","0","0","2","0","0","11","0"
"898e62c0b37ffff","22","4","2019","98","943","2.1320578231292515","3","0","0","0","18","0","0","80","0"
"898e62d4a07ffff","4","4","2019","6","717","2.664814814814815","2","0","0","0","2","0","0","4","0"
"898e62c0eafffff","25","4","2019","319","559","1.452464298153954","3","0","0","0","1","0","0","318","0"
"898e62d593bffff","17","4","2019","93","1206","3.2120370370370384","2","0","0","0","57","0","0","36","0"
"898e62c0c0bffff","6","4","2019","845","1225","1.8931755424063135","4","0","0","0","0","0","250","595","0"
"898e62c0b37ffff","8","4","2019","55","1061","3.0295959595959583","3","0","0","0","10","0","0","45","0"
"898e62c0497ffff","23","4","2019","227","5415","2.7954233969652456","3","1","0","89","61","0","0","77","0"
"898e62c314fffff","9","4","2019","12","854","5.010648148148147","3","0","0","0","0","0","0","12","0"
"898e62c227bffff","12","4","2019","8","283","2.1145833333333335","3","0","0","0","8","0","0","0","0"
"898e62c0813ffff","27","4","2019","41","1115","2.950948509485095","3","0","0","0","11","0","0","30","0"
"898e62c0497ffff","2","4","2019","128","4836","2.8572699652777773","3","1","0","81","11","0","0","36","0"
"898e62c314fffff","14","4","2019","2","854","4.761111111111111","3","0","0","0","0","0","0","2","0"
"898e62d5807ffff","26","4","2019","12","740","2.331481481481481","2","0","0","0","3","0","0","9","0"
"898e62d5807ffff","4","4","2019","100","1195","1.995972222222222","3","1","0","2","48","0","0","50","0"
"898e62c0c0bffff","21","4","2019","33","980","2.2545454545454553","3","0","0","0","0","0","6","27","0"
"898e62d528bffff","9","4","2019","182","977","2.733455433455435","3","0","0","0","0","0","0","182","0"
"898e62c0c17ffff","3","4","2019","366","1085","1.7638585306618093","4","0","0","0","239","0","0","127","0"
"898e62c0b37ffff","20","4","2019","2","465","2.9833333333333334","2","0","0","0","2","0","0","0","0"
"898e62c56c3ffff","7","4","2019","88","703","1.7782828282828282","3","0","0","0","86","0","0","2","0"
"898e62c0ea7ffff","6","4","2019","36","1264","1.8199074074074078","3","0","0","0","23","0","0","13","0"
"898e62c56c3ffff","21","4","2019","75","451","1.6598518518518517","3","0","0","0","65","0","0","10","0"
"898e62d593bffff","10","4","2019","64","1206","3.2463541666666678","2","0","0","0","39","0","0","25","0"
"898e62d593bffff","29","4","2019","66","739","4.537836700336702","2","0","0","0","8","0","0","58","0"
"898e62c044fffff","26","4","2019","41","1114","3.0168021680216808","3","0","0","0","27","0","0","14","0"
"898e62c227bffff","21","4","2019","14","261","1.3079365079365082","3","0","0","0","14","0","0","0","0"
"898e62d5227ffff","25","4","2019","9","392","3.231172839506173","3","0","0","0","9","0","0","0","0"
"898e62c227bffff","25","4","2019","17","405","1.5395424836601308","4","0","0","0","17","0","0","0","0"
"898e62d5d0fffff","23","4","2019","4","336","2.209722222222222","1","0","0","0","0","0","0","4","0"
"898e62d0eabffff","14","4","2019","25","353","1.8533333333333335","3","0","0","0","0","0","0","25","0"
"898e62c044fffff","11","4","2019","38","949","2.4822368421052636","3","0","0","0","29","0","0","9","0"
"898e62d5227ffff","21","4","2019","9","175","1.24320987654321","3","0","0","0","9","0","0","0","0"
"898e62c562bffff","15","4","2019","199","911","2.0038525963149074","3","0","0","0","18","0","0","181","0"
"898e62c0847ffff","22","4","2019","35","425","2.0650793650793653","3","0","0","0","35","0","0","0","0"
"898e62d593bffff","27","4","2019","69","777","4.441747181964573","2","0","0","0","6","0","0","63","0"
"898e62c0647ffff","16","4","2019","69","779","1.3850241545893718","4","0","0","0","2","0","0","67","0"
"898e62c56c3ffff","8","4","2019","148","6031","1.9156531531531535","3","1","0","2","124","0","0","22","0"
"898e62d593bffff","12","4","2019","198","1227","2.673260381593716","3","0","0","0","116","0","0","82","0"
"898e62d53cbffff","4","4","2019","2","1247","4.683333333333334","3","0","0","0","0","0","0","2","0"
"898e62c086bffff","22","4","2019","16","656","2.089583333333333","3","0","0","0","12","0","0","4","0"
"898e62c56c3ffff","23","4","2019","97","899","2.0028064146620848","3","0","0","0","79","0","0","18","0"
"898e62c314fffff","29","4","2019","4","834","4.316666666666666","3","0","0","0","0","0","0","4","0"
"898e62c0b37ffff","15","4","2019","106","1099","3.0535115303983233","3","0","0","0","2","0","0","104","0"
"898e62d5047ffff","2","4","2019","2","347","2.863888888888889","3","0","0","0","0","0","0","2","0"
"898e62c5443ffff","26","4","2019","6","269","1.3398148148148146","4","0","0","0","6","0","0","0","0"
"898e62c56c3ffff","25","4","2019","135","6031","2.362674897119343","3","1","1","4","54","0","0","70","7"
"898e62c0bd3ffff","12","4","2019","91","1255","2.2135225885225878","3","0","0","0","34","0","0","57","0"
"898e62c562bffff","30","4","2019","278","911","2.319714228617104","3","0","0","0","14","0","0","264","0"
"898e62c0b37ffff","30","4","2019","243","948","2.1912437128486517","3","0","0","0","14","0","0","229","0"
"898e62c0ea7ffff","24","4","2019","27","847","3.3567901234567903","2","0","0","0","3","0","0","24","0"
"898e62c227bffff","8","4","2019","12","261","1.9597222222222221","2","0","0","0","12","0","0","0","0"
"898e62d5a8fffff","5","4","2019","2","847","4.686111111111111","1","0","0","0","0","0","0","2","0"
"898e62c044fffff","9","4","2019","4","218","1.4375","4","0","0","0","4","0","0","0","0"
"898e62c2c03ffff","21","4","2019","4","690","2.640972222222222","3","0","0","0","0","0","0","4","0"
"898e62c2c03ffff","26","4","2019","69","829","3.501851851851851","2","0","0","0","67","0","0","2","0"
"898e62d528bffff","6","4","2019","197","969","2.1092498589960527","3","0","0","0","0","0","0","197","0"
"898e62c0eafffff","9","4","2019","357","837","1.5830065359477117","3","0","0","0","0","0","0","357","0"
"898e62d5807ffff","7","4","2019","11","186","1.4262626262626263","2","0","0","0","11","0","0","0","0"
"898e62c0647ffff","28","4","2019","3","223","0.6157407407407408","4","0","0","0","3","0","0","0","0"
"898e62d593bffff","5","4","2019","167","1206","3.5121257485029944","2","0","0","0","39","0","0","128","0"
"898e62c0847ffff","2","4","2019","41","764","1.873915989159891","3","0","0","0","32","0","0","9","0"
"898e62c0eafffff","30","4","2019","266","975","1.6364035087719284","3","0","0","0","0","0","0","266","0"
"898e62c227bffff","18","4","2019","19","405","1.9435672514619882","3","0","0","0","19","0","0","0","0"
"898e62d528bffff","25","4","2019","195","1644","2.7024501424501435","3","0","0","0","0","0","0","195","0"
"898e62c0ea7ffff","25","4","2019","32","777","2.381597222222223","2","0","0","0","14","0","0","18","0"
"898e62c0c17ffff","9","4","2019","363","1085","1.8214110805019887","4","0","0","0","239","0","0","124","0"
"898e62c0647ffff","26","4","2019","95","779","1.8221637426900572","4","0","0","0","8","0","0","87","0"
"898e62c0c17ffff","13","4","2019","258","844","1.951065891472869","3","0","0","0","171","0","0","87","0"
"898e62c0b37ffff","6","4","2019","45","948","1.785185185185185","3","0","0","0","12","0","0","33","0"
"898e62c0c17ffff","30","4","2019","354","993","1.41142498430634","4","0","0","0","267","0","0","87","0"
"898e62d4a07ffff","7","4","2019","2","206","1.3222222222222222","4","0","0","0","2","0","0","0","0"
"898e62c0bd3ffff","5","4","2019","94","1007","2.7933215130023625","3","0","0","0","0","0","0","94","0"
"898e62d5d4bffff","5","4","2019","5","190","1.551111111111111","3","0","0","0","0","0","0","5","0"
"898e62c227bffff","3","4","2019","13","251","0.9006410256410257","3","0","0","0","13","0","0","0","0"
"898e62c0813ffff","15","4","2019","97","1297","2.9869988545246264","3","0","0","0","0","0","0","97","0"
"898e62c0c0bffff","14","4","2019","48","987","1.8296874999999997","4","0","0","0","0","0","11","37","0"
"898e62c0eafffff","11","4","2019","427","559","1.48771142336716","3","0","0","0","0","0","0","427","0"
"898e62c2c03ffff","11","4","2019","101","2612","3.4145214521452147","3","0","0","0","73","0","0","28","0"
"898e62c0847ffff","8","4","2019","25","314","1.4381111111111111","3","0","0","0","25","0","0","0","0"
"898e62c0c0bffff","20","4","2019","290","1225","2.2646264367816102","3","0","0","0","12","0","93","185","0"
"898e62c2c03ffff","28","4","2019","10","260","1.6800000000000002","3","0","0","0","10","0","0","0","0"
"898e62c086bffff","6","4","2019","64","467","2.1018663194444436","3","0","0","0","0","0","0","64","0"
"898e62d5047ffff","11","4","2019","19","523","2.41125730994152","3","0","0","0","0","0","0","19","0"
"898e62c0647ffff","7","4","2019","4","526","3.8819444444444446","2","0","0","0","0","0","0","4","0"
"898e62c086bffff","27","4","2019","31","824","1.9327956989247308","3","0","0","0","13","0","0","18","0"
"898e62c0b37ffff","21","4","2019","23","798","2.826570048309178","2","0","0","0","7","0","0","16","0"
"898e62d528bffff","2","4","2019","241","1079","2.3824573536191793","3","0","0","0","0","0","0","241","0"
"898e62c2c03ffff","4","4","2019","50","883","3.4877777777777776","3","0","0","0","46","0","0","4","0"
"898e62c0847ffff","20","4","2019","4","735","4.354861111111111","3","0","0","0","0","0","0","4","0"
"898e62c0c0bffff","16","4","2019","459","1225","1.8319414185427252","4","0","1","0","2","0","121","302","34"
"898e62c0ea7ffff","30","4","2019","17","847","1.4901960784313726","3","0","0","0","15","0","0","2","0"
"898e62c086bffff","29","4","2019","13","227","1.560683760683761","3","0","0","0","13","0","0","0","0"
"898e62d5d2fffff","30","4","2019","12","606","1.453703703703704","3","0","0","0","0","0","0","12","0"
"898e62c0847ffff","6","4","2019","3","233","1.4750000000000003","2","0","0","0","3","0","0","0","0"
"898e62c086bffff","8","4","2019","10","307","2.323055555555556","3","0","0","0","0","0","0","10","0"
"898e62d5d0fffff","7","4","2019","10","490","2.8305555555555557","1","0","0","0","0","0","0","10","0"
"898e62d528bffff","16","4","2019","168","1110","2.2832175925925915","3","0","0","0","0","0","0","168","0"
"898e62c0eafffff","1","4","2019","215","837","1.678888888888888","3","0","0","0","0","0","0","215","0"
"898e62c0e0bffff","13","4","2019","199","295","1.2252372975991062","4","0","0","0","0","0","0","199","0"
"898e62c0847ffff","18","4","2019","4","425","1.7083333333333335","3","0","0","0","2","0","0","2","0"
"898e62c0e0bffff","12","4","2019","27","210","1.5707818930041146","3","0","0","0","0","0","0","27","0"
"898e62d5d2fffff","16","4","2019","16","606","2.0340277777777778","3","0","0","0","0","0","0","16","0"
"898e62d5d2fffff","2","4","2019","9","724","2.0638888888888887","3","0","0","0","0","0","0","9","0"
"898e62c227bffff","27","4","2019","10","404","1.8269444444444445","3","0","0","0","10","0","0","0","0"
"898e62c5443ffff","27","4","2019","4","164","0.6347222222222222","4","0","0","0","4","0","0","0","0"
"898e62d5047ffff","26","4","2019","3","1200","5.222222222222222","2","0","0","0","0","0","0","3","0"
"898e62c0497ffff","9","4","2019","196","5415","2.5984268707482996","3","1","0","90","25","0","0","81","0"
"898e62c314fffff","11","4","2019","7","805","3.3500000000000005","3","0","0","0","0","0","0","7","0"
"898e62c0e0bffff","9","4","2019","83","295","1.6197121820615803","3","0","0","0","0","0","0","83","0"
"898e62d593bffff","1","4","2019","86","752","4.058656330749353","2","0","0","0","38","0","0","48","0"
"898e62c0c17ffff","12","4","2019","384","1085","1.9093677662037047","3","0","0","0","259","0","0","125","0"
"898e62d53cbffff","26","4","2019","18","610","3.5007716049382713","2","0","0","0","0","0","0","18","0"
"898e62c0c17ffff","22","4","2019","272","1280","2.1365808823529404","3","0","0","0","169","0","0","103","0"
"898e62c086bffff","17","4","2019","21","460","2.2546296296296298","3","0","0","0","0","0","0","21","0"
"898e62c56c3ffff","9","4","2019","107","6031","2.1008826583592928","3","1","0","4","95","0","0","8","0"
"898e62c044fffff","8","4","2019","35","1114","3.0973015873015877","3","0","0","0","32","0","0","3","0"
"898e62d528bffff","29","4","2019","169","1083","2.9939677843524013","3","0","0","0","0","0","0","169","0"
"898e62c0ea7ffff","13","4","2019","37","777","2.577552552552552","3","0","0","0","9","0","0","28","0"
"898e62d5227ffff","15","4","2019","5","703","3.2049999999999996","3","0","0","0","5","0","0","0","0"
"898e62c227bffff","28","4","2019","2","235","1.6083333333333334","3","0","0","0","2","0","0","0","0"
"898e62c56c3ffff","28","4","2019","119","703","1.7889589169000946","3","0","0","0","111","0","0","8","0"
"898e62c0497ffff","20","4","2019","90","4836","3.5429629629629624","3","1","0","39","0","0","0","51","0"
"898e62c0497ffff","6","4","2019","104","4836","3.3076121794871804","3","1","1","48","0","0","0","54","2"
"898e62c0647ffff","9","4","2019","162","571","0.9799211248285318","4","0","0","0","0","0","0","162","0"
"898e62d4a07ffff","5","4","2019","4","343","2.736111111111111","2","0","0","0","0","0","0","4","0"
"898e62c044fffff","21","4","2019","45","1044","3.519197530864197","3","0","0","0","45","0","0","0","0"
"898e62c56c3ffff","14","4","2019","79","349","1.5277426160337553","3","0","0","0","79","0","0","0","0"
"898e62d593bffff","30","4","2019","230","1246","2.461038647342997","3","0","0","0","139","0","0","91","0"
"898e62c044fffff","6","4","2019","14","1044","2.9670634920634926","3","0","0","0","14","0","0","0","0"
"898e62c0497ffff","1","4","2019","132","4836","2.209869528619528","4","1","0","78","2","0","0","52","0"
"898e62c0ea7ffff","15","4","2019","79","580","1.1421940928270038","4","0","0","0","0","0","0","79","0"
"898e62c0b37ffff","5","4","2019","157","1099","2.3470099079971694","3","0","0","0","49","0","0","108","0"
"898e62c0e0bffff","4","4","2019","176","1024","1.2074337121212126","4","0","0","0","24","0","0","152","0"
"898e62c0b37ffff","25","4","2019","286","948","2.436043123543124","3","0","0","0","2","0","0","284","0"
"898e62c0c17ffff","17","4","2019","301","1085","1.979300479881876","3","0","0","0","168","0","0","133","0"
"898e62c0bd3ffff","18","4","2019","14","700","2.02718253968254","2","0","0","0","9","0","0","5","0"
"898e62c0bd3ffff","13","4","2019","57","641","2.1929824561403506","3","0","0","0","40","0","0","17","0"
"898e62c2c03ffff","30","4","2019","68","1156","3.014665032679739","3","0","0","0","68","0","0","0","0"
"898e62c562bffff","5","4","2019","368","911","2.1319444444444455","3","0","0","0","38","0","0","330","0"
"898e62c5443ffff","2","4","2019","3","930","1.540740740740741","4","0","0","0","0","0","0","3","0"
"898e62c0847ffff","10","4","2019","32","738","2.1636284722222228","3","0","0","0","29","0","0","3","0"
"898e62d5a8fffff","12","4","2019","15","410","2.6387037037037038","3","0","0","0","15","0","0","0","0"
"898e62c0847ffff","21","4","2019","27","670","3.005967078189301","3","0","0","0","8","0","0","19","0"
"898e62c044fffff","4","4","2019","25","1093","3.069111111111111","3","0","0","0","23","0","0","2","0"
"898e62c0eafffff","21","4","2019","125","758","1.9298444444444443","2","0","0","0","0","0","0","125","0"
"898e62c5443ffff","18","4","2019","4","269","1.386111111111111","4","0","0","0","4","0","0","0","0"
"898e62c0ea7ffff","8","4","2019","17","777","2.521732026143791","3","0","0","0","9","0","0","8","0"
"898e62c0c17ffff","20","4","2019","278","1446","2.005455635491607","3","0","0","0","171","0","0","107","0"
"898e62c086bffff","30","4","2019","21","377","2.0542328042328037","3","0","0","0","0","0","0","21","0"
"898e62d5227ffff","22","4","2019","6","392","2.5574074074074074","3","0","0","0","6","0","0","0","0"
"898e62d5d2fffff","9","4","2019","2","543","3.0722222222222224","1","0","0","0","0","0","0","2","0"
"898e62c0c17ffff","15","4","2019","258","789","2.054457364341085","3","0","0","0","160","0","0","98","0"
"898e62c0647ffff","2","4","2019","16","571","2.133680555555556","3","0","0","0","0","0","0","16","0"
"898e62c0847ffff","11","4","2019","20","787","2.2018055555555556","2","0","0","0","18","0","0","2","0"
"898e62c2c03ffff","9","4","2019","40","883","3.3470138888888874","3","0","0","0","40","0","0","0","0"
"898e62c0847ffff","9","4","2019","21","764","2.1031746031746033","3","0","0","0","19","0","0","2","0"
"898e62c0b37ffff","1","4","2019","144","1099","2.5635223765432076","3","0","0","0","9","0","0","135","0"
"898e62c0b37ffff","3","4","2019","63","1061","3.2689153439153453","3","0","0","0","3","0","0","60","0"
"898e62d528bffff","8","4","2019","200","1617","2.6493749999999996","3","0","0","0","0","0","0","200","0"
"898e62c0b37ffff","18","4","2019","6","542","2.397222222222222","2","0","0","0","4","0","0","2","0"
"898e62c2c03ffff","14","4","2019","12","779","3.1074074074074076","3","0","0","0","12","0","0","0","0"
"898e62c0847ffff","26","4","2019","6","174","0.7129629629629631","4","0","0","0","6","0","0","0","0"
"898e62c0eafffff","23","4","2019","382","701","1.522345840605002","3","0","0","0","0","0","0","382","0"
"898e62c0c0bffff","23","4","2019","565","1225","1.880280235988199","4","0","0","0","0","0","109","456","0"
"898e62c086bffff","15","4","2019","11","248","1.6550505050505047","3","0","0","0","9","0","0","2","0"
"898e62d528bffff","11","4","2019","170","1110","2.24001633986928","3","0","0","0","0","0","0","170","0"
"898e62c0ea7ffff","21","4","2019","16","777","2.7387152777777777","2","0","0","0","3","0","0","13","0"
"898e62c0e0bffff","3","4","2019","46","210","1.495289855072464","3","0","0","0","0","0","0","46","0"
"898e62d53cbffff","30","4","2019","5","954","3.909444444444445","3","0","0","0","0","0","0","5","0"
"898e62c0813ffff","10","4","2019","119","1332","3.0200513538748837","3","0","0","0","2","0","0","117","0"
"898e62d593bffff","19","4","2019","18","739","3.76820987654321","2","0","0","0","0","0","0","18","0"
"898e62d593bffff","24","4","2019","106","1227","3.3340146750524116","3","0","0","0","48","0","0","58","0"
"898e62c314fffff","28","4","2019","14","805","2.3335317460317455","3","0","0","0","9","0","0","5","0"
"898e62d593bffff","22","4","2019","118","1206","3.824976459510358","2","0","0","0","37","0","0","81","0"
"898e62c0c0bffff","25","4","2019","472","1218","2.0454625706214684","3","0","1","0","0","0","128","330","14"
"898e62c2c03ffff","25","4","2019","81","1717","3.7175925925925926","2","0","0","0","59","0","0","22","0"
"898e62c0eafffff","20","4","2019","150","559","1.9365555555555545","2","0","0","0","0","0","0","150","0"
"898e62c227bffff","6","4","2019","28","492","2.025992063492063","2","0","0","0","28","0","0","0","0"
"898e62c044fffff","14","4","2019","5","593","3.4233333333333333","3","0","0","0","5","0","0","0","0"
"898e62c0b37ffff","29","4","2019","59","943","2.582721280602636","3","0","0","0","5","0","0","54","0"
"898e62d528bffff","23","4","2019","182","1511","2.7711385836385856","3","0","0","0","0","0","0","182","0"
"898e62c0ea7ffff","9","4","2019","8","186","1.476736111111111","4","0","0","0","8","0","0","0","0"
"898e62c044fffff","2","4","2019","20","885","3.7706944444444446","3","0","0","0","20","0","0","0","0"
"898e62c0497ffff","26","4","2019","152","4836","2.3686038011695913","4","1","0","110","2","0","0","40","0"
"898e62c314fffff","4","4","2019","8","833","4.787152777777778","3","0","0","0","0","0","0","8","0"
"898e62c0647ffff","4","4","2019","77","571","1.3395743145743153","4","0","0","0","13","0","0","64","0"
"898e62c0c0bffff","11","4","2019","537","1225","1.90475377612249","4","0","0","0","10","0","94","433","0"
"898e62c0c0bffff","9","4","2019","598","1225","1.9805602006688972","3","0","0","0","6","0","137","455","0"
"898e62c0813ffff","12","4","2019","201","1297","2.587465450525152","3","0","0","0","68","0","0","133","0"
"898e62c0813ffff","13","4","2019","10","482","2.1561111111111115","3","0","0","0","6","0","0","4","0"
"898e62c0eafffff","8","4","2019","334","837","1.5590402528276779","3","0","0","0","0","0","0","334","0"
"898e62c0847ffff","25","4","2019","30","763","2.04537037037037","3","0","0","0","28","0","0","2","0"
"898e62c5443ffff","6","4","2019","3","181","1.150925925925926","4","0","0","0","3","0","0","0","0"
"898e62c0bd3ffff","19","4","2019","29","576","1.5165708812260539","3","0","0","0","24","0","0","5","0"
"898e62c314fffff","2","4","2019","4","744","4.366666666666667","3","0","0","0","0","0","0","4","0"
"898e62c086bffff","3","4","2019","15","843","2.387222222222222","3","0","0","0","10","0","0","5","0"
"898e62d5807ffff","16","4","2019","4","1195","3.4","4","1","0","4","0","0","0","0","0"
"898e62c0497ffff","14","4","2019","115","617","1.7350966183574874","2","0","0","0","81","0","0","34","0"
"898e62c0497ffff","28","4","2019","73","617","2.2264840182648395","2","0","0","0","47","0","0","26","0"
"898e62c0bd3ffff","17","4","2019","54","1255","2.3972736625514406","3","0","0","0","28","0","0","26","0"
"898e62d5227ffff","19","4","2019","8","360","2.311458333333333","3","0","0","0","8","0","0","0","0"
"898e62c044fffff","16","4","2019","6","414","3.2995370370370374","3","0","0","0","0","0","0","6","0"
"898e62c0eafffff","6","4","2019","325","837","1.6202393162393156","3","0","0","0","0","0","0","325","0"
"898e62c0c17ffff","18","4","2019","229","955","2.26308830664726","3","0","0","0","115","0","0","114","0"
"898e62c0ea7ffff","23","4","2019","16","982","3.233159722222222","1","0","0","0","3","0","0","13","0"
"898e62c0e0bffff","18","4","2019","4","224","1.5138888888888888","2","0","0","0","4","0","0","0","0"
"898e62d53cbffff","20","4","2019","7","1228","4.1571428571428575","2","0","0","0","0","0","0","7","0"
"898e62c227bffff","20","4","2019","17","504","1.9232026143790848","2","0","0","0","17","0","0","0","0"
"898e62c0ea7ffff","11","4","2019","18","777","1.3351851851851853","3","0","0","0","16","0","0","2","0"
"898e62c5443ffff","8","4","2019","22","439","1.2761363636363634","4","0","0","0","20","0","0","2","0"
"898e62d5d0fffff","16","4","2019","19","912","1.5603801169590643","2","0","0","0","0","0","0","19","0"
"898e62d5807ffff","14","4","2019","4","617","2.3305555555555557","1","0","0","0","0","0","0","4","0"
