,h3id
0,89c2f1571a3ffff
1,89c2f1571afffff
2,89c2f1571a7ffff
3,89c2f1571b7ffff
4,89c2f1571abffff
5,89c2f15626bffff
6,89c2f157133ffff
7,89c2f1544dbffff
8,89c2f1544d3ffff
9,89c2f15627bffff
10,89c2f1571b3ffff
11,89c2f1571bbffff
12,89c2f157107ffff
13,89c2f157137ffff
14,89c2f15626fffff
15,89c2f156263ffff
16,89c2f15624fffff
17,89c2f119a7bffff
18,89c2f119a63ffff
19,89c2f119a77ffff
20,89c2f119a73ffff
21,89c2f119a6bffff
22,89c2f119a67ffff
23,89c2f119a0fffff
24,89c2f1569b7ffff
25,89c2f119a6fffff
26,89c2f119a2bffff
27,89c2f119a3bffff
28,89c2f119a0bffff
29,89c2f119a47ffff
30,89c2f119a07ffff
31,89c2f119a03ffff
32,89c2f119a4fffff
33,89c2f1ccb77ffff
34,89c2f1ccb3bffff
35,89c2f1ccb0fffff
36,89c2f1ccb2bffff
37,89c2f1ccb23ffff
38,89c2f1ccb33ffff
39,89c2f1ccb07ffff
40,89c2f1ccb73ffff
41,89c2f1ccb63ffff
42,89c2f1ccb67ffff
43,89c2f1ccb37ffff
44,89c2f1ccbabffff
45,89c2f1ccb03ffff
46,89c2f1ccb7bffff
47,89c2f1ccb2fffff
48,89c2f1ccbafffff
49,89c2f1ccb17ffff
50,89c2f1ccb0bffff
51,89c2f119663ffff
52,89c2f119667ffff
53,89c2f119677ffff
54,89c2f11966fffff
55,89c2f11962bffff
56,89c2f119673ffff
57,89c2f11966bffff
58,89c2f11929bffff
59,89c2f119293ffff
60,89c2f11963bffff
61,89c2f11960fffff
62,89c2f11967bffff
63,89c2f1192d3ffff
64,89c2f1192d7ffff
65,89c2f11962fffff
66,89c2f119623ffff
67,89c2f1565b7ffff
68,89a8100ea0fffff
69,89a8100ea77ffff
70,89a8100ea3bffff
71,89a8100ea07ffff
72,89a8100ea73ffff
73,89a8100ea2bffff
74,89a8100ea23ffff
75,89a8100ea33ffff
76,89a8100ea03ffff
77,89a8100ea63ffff
78,89a8100eaabffff
79,89a8100ea0bffff
80,89a8100e0b3ffff
81,89a8100e0b7ffff
82,89a8100e54fffff
83,89a8100e0a3ffff
84,89a8100e57bffff
85,89a8100e54bffff
86,89a8100e0bbffff
87,89a8100e087ffff
88,89a8100e0a7ffff
89,89a8100e56bffff
90,89a8100e547ffff
91,89a8100e543ffff
92,89a8100e333ffff
93,89a8100e307ffff
94,89a8100e33bffff
95,89a8100e323ffff
96,89a8100e337ffff
97,89a8100e3afffff
98,89a8100e3abffff
99,89a8100eedbffff
100,89a8100e30fffff
101,89a8100e32bffff
102,89a8100e327ffff
103,89a8100e3a7ffff
104,89a8100e3a3ffff
105,89a8100e317ffff
106,89a81000c77ffff
107,89a81000c3bffff
108,89a81000c0fffff
109,89a81000c73ffff
110,89a81000c2bffff
111,89a81000c63ffff
112,89a81000c67ffff
113,89a81000c07ffff
114,89a81000c0bffff
115,89a81000c7bffff
116,89a81000c23ffff
117,89a81000c33ffff
118,89a81000c03ffff
119,89a81071433ffff
120,89a81071437ffff
121,89a810714afffff
122,89a810714abffff
123,89a81071407ffff
124,89a8107143bffff
125,89a81071423ffff
126,89a810715dbffff
127,89a810714a3ffff
128,89a810715cbffff
129,89a810714a7ffff
130,89a81071417ffff
131,89a8103b033ffff
132,89a8103b03bffff
133,89a8103b023ffff
134,89a8103b037ffff
135,89a8103b0afffff
136,89a8103b0abffff
137,89a8103b007ffff
138,89a8103b00fffff
139,89a8103b02bffff
140,89a8103b027ffff
141,89a8103b1dbffff
142,89a8103b0a3ffff
143,89a8100c3c7ffff
144,89a8100c38bffff
145,89a8100c3d7ffff
146,89a8100c313ffff
147,89a8100c39bffff
148,89a8100c3c3ffff
149,89a8100c38fffff
150,89a8100c383ffff
151,89a8100c3cfffff
152,89a8100c31bffff
153,89a8100c06fffff
154,89a8100c3d3ffff
155,89a81038353ffff
156,89a81038227ffff
157,89a8103835bffff
158,89a81038357ffff
159,89a810383cfffff
160,89a810383cbffff
161,89a81038343ffff
162,89a8103822fffff
163,89a8103831bffff
164,89a810383c7ffff
165,89a810383c3ffff
166,89a81038237ffff
167,89a8100e823ffff
168,89a8100e827ffff
169,89a8100e837ffff
170,89a8100e9cbffff
171,89a8100e833ffff
172,89a8100e83bffff
173,89a8100e82fffff
174,89a8100e9dbffff
175,89a8100e8afffff
176,89a8100e82bffff
177,89a8100e953ffff
178,89a8100e9c3ffff
179,8966d322293ffff
180,8966d32229bffff
181,8966d322667ffff
182,8966d32266fffff
183,8966d3222d3ffff
184,8966d3222d7ffff
185,8966d32262fffff
186,8966d32266bffff
187,8966d3235a7ffff
188,8966d3235afffff
189,8966d3222dbffff
190,8966d322283ffff
191,8966d322297ffff
192,8966d322053ffff
193,8966d32205bffff
194,8966d322627ffff
195,8966d32262bffff
196,8966d322663ffff
197,8966d3235a3ffff
198,8966d3235abffff
199,8966d323507ffff
200,8966d323533ffff
201,8966d323537ffff
202,8966d3222c3ffff
203,8966d32228bffff
204,8966d322057ffff
205,8966d3220cfffff
206,8966d3235b7ffff
207,8966d323503ffff
208,8966d32350fffff
209,8966d32353bffff
210,8966d323523ffff
211,8966d3222cbffff
212,8966d322287ffff
213,8966d32204bffff
214,8966d322043ffff
215,8966d331427ffff
216,8966d331423ffff
217,8966d33142fffff
218,8966d33142bffff
219,8966d331467ffff
220,8966d331093ffff
221,8966d3315cfffff
222,8966d3315cbffff
223,8966d331477ffff
224,8966d331463ffff
225,8966d33146fffff
226,8966d33155bffff
227,8966d331553ffff
228,8966d331513ffff
229,8966d3315c7ffff
230,8966d3315c3ffff
231,8966d331437ffff
232,8966d33146bffff
233,8966d3316a7ffff
234,8966d3310d3ffff
235,8966d33109bffff
236,8966d331097ffff
237,8966d331557ffff
238,8966d33151bffff
239,8966d33158fffff
240,8966d33158bffff
241,8966d33143bffff
242,8966d33147bffff
243,8966d3316b7ffff
244,8966d3316a3ffff
245,8966d3316afffff
246,8966d331543ffff
247,8966d331517ffff
248,8966d33a88fffff
249,8966d33a88bffff
250,8966d33a8c7ffff
251,8966d33a8cfffff
252,8966d33a813ffff
253,8966d33a8b3ffff
254,8966d33ad4bffff
255,8966d33a887ffff
256,8966d33a883ffff
257,8966d33a8d7ffff
258,8966d33a8c3ffff
259,8966d33a8cbffff
260,8966d33a81bffff
261,8966d33a8bbffff
262,8966d33ad4fffff
263,8966d33a897ffff
264,8966d33a8dbffff
265,8966d33ae37ffff
266,8966d33ae23ffff
267,8966d33ae27ffff
268,8966d33a853ffff
269,8966d33a817ffff
270,8966d33ad73ffff
271,8966d33ad0bffff
272,8966d33ad47ffff
273,8966d33ad43ffff
274,8966d33a89bffff
275,8966d33ae3bffff
276,8966d33ae2bffff
277,8966d33ae2fffff
278,8966d33a85bffff
279,8966d33a857ffff
280,8966d33a803ffff
281,8966d33a8a3ffff
282,8966d33a8b7ffff
283,8966d33ad7bffff
284,8966d33abd3ffff
285,8966d33abdbffff
286,8966d33aaafffff
287,8966d33aa33ffff
288,8966d33aa37ffff
289,8966d33abd7ffff
290,8966d33a86fffff
291,8966d33aaa7ffff
292,8966d33aaabffff
293,8966d33aa07ffff
294,8966d33aa0fffff
295,8966d33aa3bffff
296,8966d33aa23ffff
297,8966d33abc3ffff
298,8966d33ab93ffff
299,8966d33ab9bffff
300,8966d33a86bffff
301,8966d33aa0bffff
302,8966d33aa73ffff
303,8966d33aa77ffff
304,8966d33abcbffff
305,8966d33ab8bffff
306,8966d33ab83ffff
307,8966d33ab97ffff
308,8966d33a82fffff
309,8966d33a867ffff
310,8966d33aaa3ffff
311,8966d33aa03ffff
312,8966d33aa47ffff
313,8966d33aa4fffff
314,8966d33aa7bffff
315,8966d33aa63ffff
316,8966d33aa2bffff
317,8966d33aa27ffff
318,8966d33abc7ffff
319,8966d338b2bffff
320,8966d338b67ffff
321,8966d338b63ffff
322,8966d338b6bffff
323,8966d338b6fffff
324,8966d32a593ffff
325,8966d338b27ffff
326,8966d338b2fffff
327,8966d338b23ffff
328,8966d338b77ffff
329,8966d32a4b7ffff
330,8966d32a4a7ffff
331,8966d32a4a3ffff
332,8966d32a5d3ffff
333,8966d32a59bffff
334,8966d321653ffff
335,8966d3216cbffff
336,8966d338b7bffff
337,8966d32a4abffff
338,8966d32a4afffff
339,8966d32a597ffff
340,8966d32165bffff
341,8966d3216cfffff
342,8966d3216c3ffff
343,8966d338b37ffff
344,8966d338b3bffff
345,8966d338b73ffff
346,8966d32a4b3ffff
347,8966d32a4bbffff
348,8966d32a417ffff
349,8966d32a403ffff
350,8966d32a407ffff
351,8966d32a433ffff
352,8966d32a5dbffff
353,8966d32a5d7ffff
354,8966d321657ffff
355,8966d33880fffff
356,8966d338803ffff
357,8966d33880bffff
358,8966d338857ffff
359,8966d338847ffff
360,8966d338843ffff
361,8966d338807ffff
362,8966d33885bffff
363,8966d33884bffff
364,8966d338a97ffff
365,8966d338a87ffff
366,8966d33884fffff
367,8966d338873ffff
368,8966d3388afffff
369,8966d3388a3ffff
370,8966d3388abffff
371,8966d338817ffff
372,8966d33881bffff
373,8966d338853ffff
374,8966d338a83ffff
375,8966d338ab3ffff
376,8966d33887bffff
377,8966d33883bffff
378,8966d338833ffff
379,8966d3388a7ffff
380,8966d3388bbffff
381,8966d338813ffff
382,8966d338a93ffff
383,8966d338a9bffff
384,8966d338ad7ffff
385,8966d338a8bffff
386,8966d338a8fffff
387,8966d338877ffff
388,8966d338837ffff
389,8966d3389dbffff
390,8966d328013ffff
391,8966d3280c7ffff
392,8966d3280cfffff
393,8966d328053ffff
394,8966d328057ffff
395,8966d32801bffff
396,8966d32808fffff
397,8966d3280cbffff
398,8966d328627ffff
399,8966d32862fffff
400,8966d32805bffff
401,8966d328003ffff
402,8966d328017ffff
403,8966d3280b3ffff
404,8966d328087ffff
405,8966d32808bffff
406,8966d3280c3ffff
407,8966d328623ffff
408,8966d32862bffff
409,8966d328293ffff
410,8966d328667ffff
411,8966d328297ffff
412,8966d328043ffff
413,8966d32800bffff
414,8966d3280bbffff
415,8966d3280a3ffff
416,8966d3280b7ffff
417,8966d32854fffff
418,8966d328637ffff
419,8966d328663ffff
420,8966d32866fffff
421,8966d32829bffff
422,8966d3280abffff
423,8966d321ec7ffff
424,8966d321ec3ffff
425,8966d321ecbffff
426,8966d321327ffff
427,8966d321e53ffff
428,8966d321ecfffff
429,8966d321e8bffff
430,8966d321337ffff
431,8966d321323ffff
432,8966d32132bffff
433,8966d32132fffff
434,8966d321e1bffff
435,8966d321e13ffff
436,8966d321e87ffff
437,8966d321e8fffff
438,8966d321e83ffff
439,8966d321ed7ffff
440,8966d321edbffff
441,8966d32133bffff
442,8966d321377ffff
443,8966d321367ffff
444,8966d32ad93ffff
445,8966d321e5bffff
446,8966d321e57ffff
447,8966d321ebbffff
448,8966d321eb3ffff
449,8966d321c4bffff
450,8966d321333ffff
451,8966d321363ffff
452,8966d32136bffff
453,8966d32136fffff
454,8966d321e03ffff
455,8966d321e17ffff
456,8966d33a56bffff
457,8966d33a0b7ffff
458,8966d33a0a3ffff
459,8966d33a0abffff
460,8966d33a0afffff
461,8966d33a0a7ffff
462,8966d33a567ffff
463,8966d33a563ffff
464,8966d33a0bbffff
465,8966d33a017ffff
466,8966d33a007ffff
467,8966d33a1d3ffff
468,8966d33a56fffff
469,8966d33a52bffff
470,8966d33a577ffff
471,8966d33a57bffff
472,8966d33a0b3ffff
473,8966d33a003ffff
474,8966d33a00bffff
475,8966d33a00fffff
476,8966d33a033ffff
477,8966d33a1dbffff
478,8966d33a19bffff
479,8966d33a193ffff
480,8966d33a52fffff
481,8966d33a527ffff
482,8966d33a523ffff
483,8966d33a573ffff
484,8966d33a08fffff
485,8966d33a013ffff
486,8966d33a01bffff
487,8966d33a057ffff
488,8966d33a047ffff
489,8966d33a1d7ffff
490,8966d33125bffff
491,898e62c5457ffff
492,898e62c5443ffff
493,898e62c545bffff
494,898e62c5697ffff
495,898e62c544bffff
496,898e62c540bffff
497,898e62c541bffff
498,898e62c5453ffff
499,898e62c092fffff
500,898e62c5693ffff
501,898e62c5683ffff
502,898e62c5447ffff
503,898e62c5403ffff
504,898e62c54cfffff
505,898e62c569bffff
506,898e62c568bffff
507,898e62c5687ffff
508,898e62c544fffff
509,898e62c540fffff
510,898e62c54abffff
511,898e62c5417ffff
512,898e62c5413ffff
513,898e62c0927ffff
514,898e62c0967ffff
515,898e62c096fffff
516,898e62c56d3ffff
517,898e62c56d7ffff
518,898e62c5473ffff
519,898e62c5407ffff
520,898e62c0c6fffff
521,898e62c08d3ffff
522,898e62c0ea7ffff
523,898e62c0eafffff
524,898e62c08dbffff
525,898e62c08d7ffff
526,898e62c089bffff
527,898e62c0c6bffff
528,898e62c0eabffff
529,898e62c0e33ffff
530,898e62c0e37ffff
531,898e62c08c3ffff
532,898e62c0893ffff
533,898e62c0c67ffff
534,898e62c0ea3ffff
535,898e62c0e07ffff
536,898e62c0e0fffff
537,898e62c0e3bffff
538,898e62c088bffff
539,898e62c0883ffff
540,898e62c0d5bffff
541,898e62c0c2fffff
542,898e62c0c2bffff
543,898e62c0c63ffff
544,898e62c0e17ffff
545,898e62c0e03ffff
546,898e62c0e0bffff
547,898e62c0e73ffff
548,898e62c0e77ffff
549,898e62c0e23ffff
550,898e62c08cbffff
551,898e62c0897ffff
552,898e62c7483ffff
553,898e62c749bffff
554,898e62c74d7ffff
555,898e62c74c3ffff
556,898e62c748bffff
557,898e62c7497ffff
558,898e62c74d3ffff
559,898e62c74dbffff
560,898e62c74cbffff
561,898e62c74c7ffff
562,898e62c748fffff
563,898e62c7487ffff
564,898e62d5b4bffff
565,898e62c7493ffff
566,898e62d5a6fffff
567,898e62c29afffff
568,898e62c2937ffff
569,898e62c2933ffff
570,898e62c74cfffff
571,898e62d5b47ffff
572,898e62d5b43ffff
573,898e62d5b5bffff
574,898e62c29a7ffff
575,898e62c293bffff
576,898e62c2923ffff
577,898e62c2927ffff
578,898e62c7413ffff
579,898e62c74b3ffff
580,898e62d5b4fffff
581,898e62c044fffff
582,898e62c0443ffff
583,898e62c044bffff
584,898e62c0697ffff
585,898e62c0687ffff
586,898e62c0683ffff
587,898e62c0447ffff
588,898e62c068bffff
589,898e62c068fffff
590,898e62c06b3ffff
591,898e62c040fffff
592,898e62c040bffff
593,898e62c0457ffff
594,898e62c045bffff
595,898e62c069bffff
596,898e62c06d7ffff
597,898e62c06c7ffff
598,898e62c06bbffff
599,898e62c047bffff
600,898e62c0473ffff
601,898e62c0407ffff
602,898e62c0403ffff
603,898e62c0693ffff
604,898e62c06d3ffff
605,898e62c06c3ffff
606,898e62c06cfffff
607,898e62c0613ffff
608,898e62c06b7ffff
609,898e62c0477ffff
610,898e62c043bffff
611,898e62d5237ffff
612,898e62d5233ffff
613,898e62d523bffff
614,898e62d5223ffff
615,898e62d53c3ffff
616,898e62d53dbffff
617,898e62d52afffff
618,898e62d520fffff
619,898e62d5277ffff
620,898e62d5273ffff
621,898e62d522bffff
622,898e62d53cbffff
623,898e62d53d7ffff
624,898e62d53d3ffff
625,898e62d5207ffff
626,898e62d527bffff
627,898e62d5263ffff
628,898e62d5227ffff
629,898e62d53c7ffff
630,898e62d5383ffff
631,898e62d539bffff
632,898e62d506fffff
633,898e62d52a7ffff
634,898e62d52abffff
635,898e62d520bffff
636,898e62d5247ffff
637,898e62d524fffff
638,898e62c21b7ffff
639,898e62d526bffff
640,898e62d5267ffff
641,898e62d522fffff
642,898e62d53cfffff
643,898e62d538bffff
644,8949963a487ffff
645,8949963a48fffff
646,8949963a48bffff
647,8949963a413ffff
648,8949963a4c7ffff
649,8949963a4cfffff
650,8949963a4cbffff
651,8949963a4c3ffff
652,8949963a483ffff
653,89499604b4fffff
654,8949963a4b3ffff
655,8949963a4bbffff
656,8949963a453ffff
657,89499605927ffff
658,8949960592fffff
659,8949960592bffff
660,89499605923ffff
661,89499605937ffff
662,8949963a4d7ffff
663,89499604b4bffff
664,89499604b0fffff
665,89499604b73ffff
666,89499604b7bffff
667,8949963a41bffff
668,89499605967ffff
669,89499605963ffff
670,89499605977ffff
671,8949960593bffff
672,8949963a4dbffff
673,8949963a49bffff
674,8949963a497ffff
675,89499604b43ffff
676,89499604b47ffff
677,89499604b0bffff
678,89499604b33ffff
679,89499604b3bffff
680,89499604b77ffff
681,8949963a4b7ffff
682,8949963a417ffff
683,8949963a457ffff
684,8949963a45bffff
685,8949963a693ffff
686,8949960596fffff
687,8949960596bffff
688,89499605ba7ffff
689,89499605ba3ffff
690,89499605bb7ffff
691,8949960597bffff
692,89499605973ffff
693,89499605933ffff
694,8949963a4d3ffff
695,89499604b5bffff
696,89499604b57ffff
697,89499604b03ffff
698,89499604b07ffff
